Image,Index,PortraitTrans,,,,,,,,,,,,,LandscapeTrans,,,,,,,,,,,,,
,,Det,SubDet,projcoeff1,projcoeff2,projcoeff3,projcoeff4,projcoeff5,projcoeff6,projcoeff7,projcoeff8,projcoeff9,projscalex,projscaley,Det,SubDet,projcoeff1,projcoeff2,projcoeff3,projcoeff4,projcoeff5,projcoeff6,projcoeff7,projcoeff8,projcoeff9,projscalex,projscaley,
IMG_0363.JPG,0,0.0005065,-44.2471585,1.2344952,-0.0285513,204.0000000,0.0044151,1.2171474,169.0000000,0.0000010,-0.0000144,1.0000000,7.8740157,7.8740157,-0.0005632,-147.2217364,0.8729607,-0.0403758,204.0000000,0.0031221,1.7212260,169.0000000,0.0000007,-0.0000204,1.0000000,7.8740157,7.8740157,
IMG_0364.JPG,0,-0.0003034,27.7624615,0.9570029,-0.0345208,912.0000000,0.0054575,0.9695601,121.0000000,-0.0000105,-0.0000055,1.0000000,7.6531987,7.6531987,0.0022320,-338.8201062,0.6765964,-0.0488274,912.0000000,0.0038584,1.3713816,121.0000000,-0.0000074,-0.0000077,1.0000000,7.6531987,7.6531987,
IMG_0367.JPG,0,-0.0012957,53.3023107,1.5626111,0.0080434,249.0000000,0.0114765,0.7854497,342.0000000,0.0000033,0.0000078,1.0000000,7.8740157,7.8740157,-0.0004308,-27.5630766,1.1049845,0.0113745,249.0000000,0.0081155,1.1107418,342.0000000,0.0000024,0.0000111,1.0000000,7.8740157,7.8740157,
IMG_0368.JPG,0,-0.0000483,-11.8453557,1.0247944,0.0196467,639.0000000,0.0130387,1.0185381,105.0000000,0.0000113,0.0000110,1.0000000,7.3619048,7.3619048,-0.0016950,-281.3986143,0.7247631,0.0277799,639.0000000,0.0092213,1.4401838,105.0000000,0.0000080,0.0000155,1.0000000,7.3619048,7.3619048,
IMG_0369.JPG,0,-0.0000637,-37.1605795,1.1816628,-0.0026627,247.0000000,0.0112273,1.1505584,203.0000000,0.0000099,-0.0000091,1.0000000,7.8740157,7.8740157,-0.0015437,-154.9867453,0.8356008,-0.0037655,247.0000000,0.0079393,1.6270593,203.0000000,0.0000070,-0.0000128,1.0000000,7.8740157,7.8740157,
IMG_0370.JPG,0,-0.0000610,-43.8365135,1.1746259,0.0050458,212.0000000,-0.0111175,1.2069465,226.0000000,-0.0000097,0.0000114,1.0000000,7.8740157,7.8740157,0.0016068,-149.9613906,0.8306248,0.0071355,212.0000000,-0.0078617,1.7068004,226.0000000,-0.0000069,0.0000161,1.0000000,7.8740157,7.8740157,
IMG_0371.JPG,0,0.0000106,6.5371630,1.0031621,-0.0079623,643.0000000,0.0088139,0.9898333,81.0000000,0.0000055,-0.0000040,1.0000000,7.4619048,7.4619048,-0.0011621,-257.1810142,0.7093660,-0.0112600,643.0000000,0.0062326,1.3997898,81.0000000,0.0000039,-0.0000057,1.0000000,7.4619048,7.4619048,
IMG_0372.JPG,0,0.0004644,-33.7003612,1.1649360,-0.0168301,265.0000000,0.0108196,1.1272504,313.0000000,0.0000072,-0.0000153,1.0000000,7.8740157,7.8740157,-0.0020759,-157.5407521,0.8237726,-0.0238003,265.0000000,0.0076510,1.5940983,313.0000000,0.0000051,-0.0000216,1.0000000,7.8740157,7.8740157,
IMG_0373.JPG,0,-0.0003102,-34.6056730,1.1987269,-0.0163519,222.0000000,0.0251335,1.1560211,205.0000000,0.0000192,-0.0000119,1.0000000,7.8740157,7.8740157,-0.0025631,-141.0188211,0.8476675,-0.0231241,222.0000000,0.0177729,1.6347843,205.0000000,0.0000135,-0.0000168,1.0000000,7.8740157,7.8740157,
00000_P_4X_R_0317_01.jpg,0,0.0386558,-31.9410377,2.4153312,-0.0835693,336.0000000,-0.0207115,1.0954647,410.0000000,-0.0000126,-0.0000644,1.0000000,7.8740157,7.8740157,0.0290893,-182.1229971,1.7145742,-0.1177247,336.0000000,-0.0147025,1.5431879,410.0000000,-0.0000089,-0.0000907,1.0000000,7.8740157,7.8740157,
00004_M_4X_R_0317_02.jpg,0,0.0079371,-85.9022689,2.6433324,-0.0423052,357.0000000,0.0369104,1.2417354,256.0000000,0.0000238,-0.0000251,1.0000000,7.8740157,7.8740157,0.0028439,-266.8221148,1.8764257,-0.0595956,357.0000000,0.0262016,1.7492402,256.0000000,0.0000169,-0.0000354,1.0000000,7.8740157,7.8740157,
10004_P_4X_R_0317_03.jpg,0,-0.0095080,-93.2476959,2.6762921,0.0125172,289.0000000,-0.0185686,1.3245388,365.0000000,-0.0000047,0.0000161,1.0000000,7.8740157,7.8740157,-0.0067175,-249.4619095,1.8998228,0.0176331,289.0000000,-0.0131813,1.8658860,365.0000000,-0.0000033,0.0000227,1.0000000,7.8740157,7.8740157,
10004_P_4X_R_0317_04.jpg,0,0.0058175,-64.5874293,2.4974518,-0.0267043,372.0000000,0.0488548,1.1743238,275.0000000,0.0000412,-0.0000223,1.0000000,7.8740157,7.8740157,-0.0011451,-242.8854641,1.7728692,-0.0376185,372.0000000,0.0346806,1.6542772,275.0000000,0.0000293,-0.0000315,1.0000000,7.8740157,7.8740157,
10017_M_4X_R_0317_06.jpg,0,0.0000124,-67.1961739,3.0905027,-0.0215071,149.0000000,0.0930985,1.4573984,179.0000000,0.0000699,-0.0000140,1.0000000,7.8740157,7.8740157,-0.0040346,-155.6466893,2.1938590,-0.0302972,149.0000000,0.0660879,2.0530462,179.0000000,0.0000496,-0.0000197,1.0000000,7.8740157,7.8740157,
10017_M_4X_R_0317_07.jpg,0,0.0034178,-84.6191213,2.8730368,-0.0280011,241.0000000,0.0607318,1.3538669,260.0000000,0.0000581,-0.0000186,1.0000000,7.8740157,7.8740157,-0.0026244,-217.6923402,2.0394862,-0.0394453,241.0000000,0.0431118,1.9072007,260.0000000,0.0000413,-0.0000262,1.0000000,7.8740157,7.8740157,
10017_P_4X_R_0317_05.jpg,0,0.0027351,-57.0980750,2.9751429,-0.0274408,146.0000000,0.0800605,1.3964460,184.0000000,0.0000783,-0.0000218,1.0000000,7.8740157,7.8740157,-0.0022178,-140.1331046,2.1119684,-0.0386560,146.0000000,0.0568326,1.9671821,184.0000000,0.0000556,-0.0000307,1.0000000,7.8740157,7.8740157,
23004_P_4X_R_0317_08.jpg,0,0.0002425,-69.3507084,2.9533067,-0.0084782,179.0000000,0.0503149,1.3917086,240.0000000,0.0000567,-0.0000094,1.0000000,7.8740157,7.8740157,-0.0036256,-170.8778473,2.0964675,-0.0119433,179.0000000,0.0357171,1.9605085,240.0000000,0.0000402,-0.0000133,1.0000000,7.8740157,7.8740157,
23004_P_4X_R_0317_09.jpg,0,0.0031953,-82.9696047,2.6630284,-0.0219178,363.0000000,0.0559043,1.2296184,349.0000000,0.0000652,-0.0000163,1.0000000,7.8740157,7.8740157,-0.0060013,-265.1261332,1.8904073,-0.0308757,363.0000000,0.0396848,1.7321710,349.0000000,0.0000463,-0.0000230,1.0000000,7.8740157,7.8740157,
23004_P_4X_R_0317_10.jpg,0,0.0043396,-76.3589143,2.6333430,-0.0345189,333.0000000,0.0739916,1.2304363,293.0000000,0.0000579,-0.0000206,1.0000000,7.8740157,7.8740157,-0.0037285,-243.5591349,1.8693345,-0.0486270,333.0000000,0.0525245,1.7333232,293.0000000,0.0000411,-0.0000291,1.0000000,7.8740157,7.8740157,
30006_P_4X_R_0317_11.jpg,0,0.0003885,-38.4615749,2.6121032,-0.0022451,121.0000000,0.0226785,1.3221564,111.0000000,-0.0000555,0.0000102,1.0000000,7.8740157,7.8740157,0.0027985,-103.6292924,1.8542570,-0.0031626,121.0000000,0.0160988,1.8625299,111.0000000,-0.0000394,0.0000143,1.0000000,7.8740157,7.8740157,
30006_P_4X_R_0317_12.jpg,0,-0.0022026,-94.9735416,2.7659693,0.0173583,274.0000000,0.0003942,1.3488673,321.0000000,0.0000204,0.0000006,1.0000000,7.8740157,7.8740157,-0.0037375,-245.7759059,1.9634821,0.0244527,274.0000000,0.0002799,1.9001576,321.0000000,0.0000145,0.0000009,1.0000000,7.8740157,7.8740157,
IMG_0046.jpg,0,0.0089741,-67.1303741,2.7359522,-0.0601935,253.0000000,0.0589643,1.2671706,182.0000000,0.0000421,-0.0000408,1.0000000,7.8740157,7.8740157,0.0028495,-197.8833103,1.9421738,-0.0847949,253.0000000,0.0418571,1.7850711,182.0000000,0.0000299,-0.0000575,1.0000000,7.8740157,7.8740157,
IMG_0048.jpg,0,0.0020760,-77.5710736,2.8347696,-0.0924017,255.0000000,0.0641280,1.3064049,67.0000000,0.0000420,-0.0000527,1.0000000,7.8740157,7.8740157,-0.0024794,-213.4361772,2.0123214,-0.1301668,255.0000000,0.0455226,1.8403407,67.0000000,0.0000298,-0.0000743,1.0000000,7.8740157,7.8740157,
30006_M_4X_R_0317_13.jpg,0,-0.0014924,-87.9651740,2.8944302,-0.0213331,231.0000000,0.0665621,1.3839504,248.0000000,0.0000330,-0.0000035,1.0000000,7.8740157,7.8740157,-0.0040615,-218.3513588,2.0546728,-0.0300520,231.0000000,0.0472505,1.9495795,248.0000000,0.0000234,-0.0000050,1.0000000,7.8740157,7.8740157,
30006_M_4X_R_0317_14.jpg,0,0.0115013,-77.6768389,2.5610561,-0.0551701,370.0000000,0.0504592,1.2108269,268.0000000,0.0000188,-0.0000331,1.0000000,7.8740157,7.8740157,0.0058597,-260.5314705,1.8180201,-0.0777185,370.0000000,0.0358196,1.7056993,268.0000000,0.0000133,-0.0000467,1.0000000,7.8740157,7.8740157,
30006_M_4X_R_0317_15.jpg,0,0.0068437,-111.9882035,2.6349708,-0.0439514,358.0000000,0.0173614,1.3142514,201.0000000,0.0000309,-0.0000328,1.0000000,7.8740157,7.8740157,0.0009418,-304.0579323,1.8704900,-0.0619145,358.0000000,0.0123244,1.8513940,201.0000000,0.0000219,-0.0000463,1.0000000,7.8740157,7.8740157,
30006_M_4X_R_0317_16.jpg,0,0.0026267,-84.4576992,2.7849557,-0.0024875,256.0000000,-0.0116919,1.3322294,263.0000000,0.0000411,-0.0000130,1.0000000,7.8740157,7.8740157,-0.0018265,-223.5837238,1.9769599,-0.0035041,256.0000000,-0.0082997,1.8767197,263.0000000,0.0000292,-0.0000183,1.0000000,7.8740157,7.8740157,
40004_M_4X_R_0317_18.jpg,0,-0.0119186,-71.2505762,2.8333971,0.0117105,187.0000000,0.0530834,1.3847917,275.0000000,0.0000593,0.0000159,1.0000000,7.8740157,7.8740157,-0.0133501,-176.8314347,2.0113471,0.0164967,187.0000000,0.0376824,1.9507646,275.0000000,0.0000421,0.0000224,1.0000000,7.8740157,7.8740157,
40004_M_4X_R_0317_20.jpg,0,0.0087234,-32.9121739,2.7130150,-0.0312204,108.0000000,0.0058262,1.3096538,315.0000000,-0.0000007,-0.0000161,1.0000000,7.8740157,7.8740157,0.0066683,-90.4687831,1.9258914,-0.0439804,108.0000000,0.0041358,1.8449175,315.0000000,-0.0000005,-0.0000227,1.0000000,7.8740157,7.8740157,
40004_M_4X_R_0317_22.jpg,0,-0.0070964,-109.9733811,2.7936062,0.0404008,325.0000000,0.0557929,1.3402574,273.0000000,0.0000815,-0.0000021,1.0000000,7.8740157,7.8740157,-0.0150162,-287.7363788,1.9831007,0.0569129,325.0000000,0.0396057,1.8880289,273.0000000,0.0000578,-0.0000030,1.0000000,7.8740157,7.8740157,
40004_M_4X_R_0317_23.jpg,0,-0.0174960,-116.7353266,2.9359024,0.0085144,283.0000000,0.0745250,1.4153335,308.0000000,0.0000789,0.0000147,1.0000000,7.8740157,7.8740157,-0.0221258,-280.1649037,2.0841127,0.0119943,283.0000000,0.0529032,1.9937890,308.0000000,0.0000560,0.0000207,1.0000000,7.8740157,7.8740157,
40004_P_4X_R_0317_17.jpg,0,0.0085420,-43.9641972,2.9602660,-0.0438124,120.0000000,0.0476906,1.3724525,149.0000000,0.0000359,-0.0000363,1.0000000,7.8740157,7.8740157,0.0050824,-110.9778462,2.1014077,-0.0617188,120.0000000,0.0338542,1.9333823,149.0000000,0.0000255,-0.0000511,1.0000000,7.8740157,7.8740157,
40004_P_4X_R_0317_21.jpg,0,0.0063961,-77.2609377,2.5437383,-0.0214214,394.0000000,0.0379865,1.1968651,322.0000000,0.0000404,-0.0000203,1.0000000,7.8740157,7.8740157,-0.0008938,-269.7435528,1.8057267,-0.0301765,394.0000000,0.0269655,1.6860312,322.0000000,0.0000286,-0.0000286,1.0000000,7.8740157,7.8740157,
40004_P_4X_R_0317_24.jpg,0,-0.0059350,-89.4159532,2.9295273,-0.0141150,282.0000000,0.0955001,1.3192623,208.0000000,0.0000954,-0.0000078,1.0000000,7.8740157,7.8740157,-0.0144029,-241.1569677,2.0795872,-0.0198839,282.0000000,0.0677928,1.8584530,208.0000000,0.0000677,-0.0000110,1.0000000,7.8740157,7.8740157,
40004_P_4X_R_0317_25.jpg,0,-0.0031612,-98.6809573,2.8555945,-0.0343271,290.0000000,0.0939717,1.3424705,254.0000000,0.0000847,-0.0000135,1.0000000,7.8740157,7.8740157,-0.0116878,-257.5171746,2.0271044,-0.0483568,290.0000000,0.0667078,1.8911465,254.0000000,0.0000601,-0.0000190,1.0000000,7.8740157,7.8740157,
40004_P_4X_R_0317_26.jpg,0,-0.0029292,-113.7012116,2.8959389,-0.0193222,317.0000000,0.0892423,1.3608370,207.0000000,0.0000819,-0.0000186,1.0000000,7.8740157,7.8740157,-0.0120281,-289.7270463,2.0557437,-0.0272194,317.0000000,0.0633505,1.9170195,207.0000000,0.0000581,-0.0000262,1.0000000,7.8740157,7.8740157,
40004_P_4X_R_0317_27.jpg,0,0.0010884,-89.1140916,2.8942273,-0.0172555,225.0000000,0.0433167,1.3994253,189.0000000,0.0000209,-0.0000087,1.0000000,7.8740157,7.8740157,-0.0009505,-217.5359412,2.0545287,-0.0243079,225.0000000,0.0307493,1.9713791,189.0000000,0.0000148,-0.0000123,1.0000000,7.8740157,7.8740157,
40004_P_4X_R_0317_28.jpg,0,0.0044104,-93.2548152,2.6678386,-0.0059479,299.0000000,-0.0142140,1.3136385,299.0000000,0.0000138,-0.0000114,1.0000000,7.8740157,7.8740157,0.0018195,-253.5484462,1.8938219,-0.0083788,299.0000000,-0.0100901,1.8505307,299.0000000,0.0000098,-0.0000161,1.0000000,7.8740157,7.8740157,
40004_P_4X_R_0317_29.jpg,0,-0.0034380,-108.9894838,2.5564806,-0.0185352,471.0000000,0.0783096,1.2321674,381.0000000,0.0000621,-0.0000068,1.0000000,7.8740157,7.8740157,-0.0129791,-345.9443401,1.8147720,-0.0261107,471.0000000,0.0555897,1.7357618,381.0000000,0.0000441,-0.0000096,1.0000000,7.8740157,7.8740157,
40004_P_4X_R_0317_30.jpg,0,-0.0008960,-65.4160966,2.2966517,-0.0156977,521.0000000,0.0452454,1.1258720,390.0000000,0.0000272,-0.0000022,1.0000000,7.8740157,7.8740157,-0.0053638,-304.9485036,1.6303270,-0.0221134,521.0000000,0.0321184,1.5860228,390.0000000,0.0000193,-0.0000031,1.0000000,7.8740157,7.8740157,
40014_P_4X_R_0317_33.jpg,0,-0.0120934,-132.0660380,2.5415871,0.0010738,563.0000000,0.0899839,1.2352196,379.0000000,0.0000839,0.0000019,1.0000000,7.8740157,7.8740157,-0.0255011,-416.0594701,1.8041996,0.0015127,563.0000000,0.0638770,1.7400615,379.0000000,0.0000596,0.0000027,1.0000000,7.8740157,7.8740157,
41005_P_4X_R_0317_34.jpg,0,-0.0061983,-85.0360821,2.7081961,-0.0031033,284.0000000,0.0504573,1.3012347,294.0000000,0.0000476,0.0000043,1.0000000,7.8740157,7.8740157,-0.0096126,-235.8198088,1.9224706,-0.0043716,284.0000000,0.0358182,1.8330573,294.0000000,0.0000338,0.0000060,1.0000000,7.8740157,7.8740157,
41005_P_4X_R_0317_35.jpg,0,0.0014316,-89.3354393,2.7927501,-0.0484603,315.0000000,0.1046776,1.2852279,206.0000000,0.0000772,-0.0000272,1.0000000,7.8740157,7.8740157,-0.0079170,-254.5138391,1.9824930,-0.0682663,315.0000000,0.0743076,1.8105084,206.0000000,0.0000548,-0.0000383,1.0000000,7.8740157,7.8740157,
41005_P_4X_R_0317_36.jpg,0,0.0009816,-73.0272866,2.8309117,0.0079268,222.0000000,0.0192010,1.3316873,204.0000000,0.0000569,-0.0000138,1.0000000,7.8740157,7.8740157,-0.0038290,-193.5779011,2.0095828,0.0111665,222.0000000,0.0136303,1.8759561,204.0000000,0.0000404,-0.0000194,1.0000000,7.8740157,7.8740157,
42004_M_4X_R_0317_44.jpg,0,-0.0030300,-55.1364726,3.1926767,-0.0232366,113.0000000,0.1286797,1.4975887,126.0000000,0.0000980,-0.0000106,1.0000000,7.8740157,7.8740157,-0.0067857,-123.9865916,2.2663894,-0.0327336,113.0000000,0.0913460,2.1096624,126.0000000,0.0000695,-0.0000149,1.0000000,7.8740157,7.8740157,
42004_M_4X_R_0317_47.jpg,0,0.0003457,-87.4004187,2.8830880,-0.0434700,259.0000000,0.1027293,1.3399248,211.0000000,0.0000828,-0.0000226,1.0000000,7.8740157,7.8740157,-0.0078244,-228.9491911,2.0466213,-0.0612364,259.0000000,0.0729246,1.8875603,211.0000000,0.0000587,-0.0000319,1.0000000,7.8740157,7.8740157,
42004_M_4X_R_0317_48.jpg,0,-0.0063386,-104.2589591,2.8682581,0.0115639,283.0000000,0.0451145,1.3708545,316.0000000,0.0000548,0.0000014,1.0000000,7.8740157,7.8740157,-0.0106589,-262.5453692,2.0360939,0.0162902,283.0000000,0.0320255,1.9311311,316.0000000,0.0000389,0.0000019,1.0000000,7.8740157,7.8740157,
42004_P_4X_R_0317_37.jpg,0,0.0009462,-72.4847849,3.0684286,-0.0191432,164.0000000,0.0941559,1.4476260,181.0000000,0.0000790,-0.0000195,1.0000000,7.8740157,7.8740157,-0.0042565,-169.2174031,2.1781893,-0.0269671,164.0000000,0.0668386,2.0392797,181.0000000,0.0000560,-0.0000275,1.0000000,7.8740157,7.8740157,
42004_P_4X_R_0317_38.jpg,0,-0.0058865,-75.1013835,2.8190040,-0.0095874,237.0000000,0.0904906,1.3193344,193.0000000,0.0000461,0.0000070,1.0000000,7.8740157,7.8740157,-0.0085028,-202.6178950,2.0011299,-0.0135058,237.0000000,0.0642367,1.8585545,193.0000000,0.0000327,0.0000099,1.0000000,7.8740157,7.8740157,
42004_P_4X_R_0317_39.jpg,0,-0.0057021,-100.4502830,2.8919870,-0.0234188,249.0000000,0.1000081,1.4065035,261.0000000,0.0000579,-0.0000011,1.0000000,7.8740157,7.8740157,-0.0100018,-243.3229025,2.0529384,-0.0329902,249.0000000,0.0709929,1.9813502,261.0000000,0.0000411,-0.0000015,1.0000000,7.8740157,7.8740157,
42004_P_4X_R_0317_41.jpg,0,0.0030015,-55.9787799,2.7843698,-0.0418011,207.0000000,0.1063584,1.2727803,209.0000000,0.0000871,-0.0000247,1.0000000,7.8740157,7.8740157,-0.0043443,-163.3711304,1.9765440,-0.0588855,207.0000000,0.0755008,1.7929734,209.0000000,0.0000618,-0.0000349,1.0000000,7.8740157,7.8740157,
42004_P_4X_R_0317_42.jpg,0,-0.0063023,-60.8091552,2.9440339,-0.0214684,156.0000000,0.1317312,1.3947212,218.0000000,0.0000955,-0.0000001,1.0000000,7.8740157,7.8740157,-0.0106329,-149.4498975,2.0898850,-0.0302426,156.0000000,0.0935122,1.9647524,218.0000000,0.0000678,-0.0000001,1.0000000,7.8740157,7.8740157,
42004_P_4X_R_0317_45.jpg,0,-0.0040698,-29.8441999,3.2074717,-0.0090624,59.0000000,0.1188953,1.5254952,107.0000000,0.0000706,0.0000079,1.0000000,7.8740157,7.8740157,-0.0049324,-66.3223773,2.2768919,-0.0127663,59.0000000,0.0844004,2.1489745,107.0000000,0.0000501,0.0000111,1.0000000,7.8740157,7.8740157,
42004_P_4X_R_0317_46.jpg,0,-0.0033908,-78.8025683,3.0345642,-0.0186257,166.0000000,0.0655170,1.4806048,153.0000000,0.0000561,-0.0000041,1.0000000,7.8740157,7.8740157,-0.0063503,-178.9792471,2.1541498,-0.0262381,166.0000000,0.0465086,2.0857371,153.0000000,0.0000398,-0.0000058,1.0000000,7.8740157,7.8740157,
42004_P_4X_R_0317_49.jpg,0,-0.0017037,-65.0506087,2.8990383,-0.0062088,146.0000000,0.0282290,1.4514238,148.0000000,0.0000315,-0.0000014,1.0000000,7.8740157,7.8740157,-0.0031236,-151.4107775,2.0579439,-0.0087464,146.0000000,0.0200390,2.0446297,148.0000000,0.0000223,-0.0000020,1.0000000,7.8740157,7.8740157,
bd.bi4.jpg,0,-0.0002348,0.6772187,1.2467823,0.0106600,2.0000000,0.0121678,0.6137281,42.0000000,0.0000252,0.0000257,1.0000000,7.8740157,7.8740157,0.0001914,0.2864427,0.8850549,0.0150168,2.0000000,0.0086376,0.8645626,42.0000000,0.0000179,0.0000362,1.0000000,7.8740157,7.8740157,
c5.bi4.jpg,0,0.0006111,-84.3798859,2.7836608,-0.0297110,253.0000000,0.0466279,1.3358853,173.0000000,0.0000266,-0.0000102,1.0000000,7.8740157,7.8740157,-0.0020623,-222.2523486,1.9760408,-0.0418541,253.0000000,0.0330998,1.8818699,173.0000000,0.0000189,-0.0000143,1.0000000,7.8740157,7.8740157,
f0.bi4.jpg,0,0.0006111,-84.3798859,2.7836608,-0.0297110,253.0000000,0.0466279,1.3358853,173.0000000,0.0000266,-0.0000102,1.0000000,7.8740157,7.8740157,-0.0020623,-222.2523486,1.9760408,-0.0418541,253.0000000,0.0330998,1.8818699,173.0000000,0.0000189,-0.0000143,1.0000000,7.8740157,7.8740157,
fa.bi4.jpg,0,0.0006111,-84.3798859,2.7836608,-0.0297110,253.0000000,0.0466279,1.3358853,173.0000000,0.0000266,-0.0000102,1.0000000,7.8740157,7.8740157,-0.0020623,-222.2523486,1.9760408,-0.0418541,253.0000000,0.0330998,1.8818699,173.0000000,0.0000189,-0.0000143,1.0000000,7.8740157,7.8740157,
IMG_0840.JPG,0,0.0004453,100.4561475,1.1455831,-0.0897703,193.0000000,0.0268954,0.4791089,29.0000000,0.0000057,-0.0001215,1.0000000,7.8740157,7.8740157,-0.0013170,62.8004494,0.8132165,-0.1264599,193.0000000,0.0190923,0.6749237,29.0000000,0.0000041,-0.0001712,1.0000000,7.8740157,7.8740157,
IMG_0841.JPG,0,0.0008564,99.2451188,1.1174660,-0.0820948,189.0000000,0.0062538,0.4745670,41.0000000,0.0000045,-0.0001164,1.0000000,7.8740157,7.8740157,-0.0013412,62.7172214,0.7932570,-0.1156474,189.0000000,0.0044394,0.6685254,41.0000000,0.0000032,-0.0001639,1.0000000,7.8740157,7.8740157,
IMG_0842.JPG,0,0.0057855,105.2257914,1.1960388,-0.0807970,202.0000000,0.0376719,0.4785742,13.0000000,0.0000620,-0.0001350,1.0000000,7.8740157,7.8740157,0.0014328,65.8667624,0.8490336,-0.1138193,202.0000000,0.0267422,0.6741704,13.0000000,0.0000440,-0.0001902,1.0000000,7.8740157,7.8740157,
picture_001_180.jpg,0,-0.0011639,-15.5913653,2.5353008,-0.0131005,100.0000000,0.1797087,1.1583447,67.0000000,0.0002313,-0.0000318,1.0000000,7.8740157,7.8740157,-0.0087452,-62.6714873,1.7997371,-0.0184547,100.0000000,0.1275700,1.6317674,67.0000000,0.0001642,-0.0000448,1.0000000,7.8740157,7.8740157,
Picture_001.jpg,0,-0.0014760,-15.6092048,2.5531364,-0.0095404,97.0000000,0.1845888,1.1635382,64.0000000,0.0002382,-0.0000300,1.0000000,7.8740157,7.8740157,-0.0089651,-61.4718984,1.8123981,-0.0134396,97.0000000,0.1310343,1.6390834,64.0000000,0.0001691,-0.0000423,1.0000000,7.8740157,7.8740157,
Picture_003.jpg,0,-0.0000849,-1.5677463,1.7913647,0.0011560,170.0000000,-0.1269520,1.0092652,205.0000000,-0.0001756,0.0000017,1.0000000,7.8740157,7.8740157,0.0087210,-71.5843054,1.2716383,0.0016284,170.0000000,-0.0901196,1.4217581,205.0000000,-0.0001246,0.0000025,1.0000000,7.8740157,7.8740157,
Picture_005.jpg,0,0.0031819,-9.5836961,2.1113849,-0.0216279,99.0000000,-0.0473202,1.0979041,136.0000000,-0.0000829,-0.0000137,1.0000000,7.8740157,7.8740157,0.0048031,-53.8431399,1.4988114,-0.0304674,99.0000000,-0.0335912,1.5466243,136.0000000,-0.0000589,-0.0000193,1.0000000,7.8740157,7.8740157,
Picture_006.jpg,0,0.0027119,-7.7013106,2.3802112,-0.0201212,64.0000000,0.0690285,1.1229853,91.0000000,0.0000884,-0.0000295,1.0000000,7.8740157,7.8740157,-0.0000247,-36.8438579,1.6896435,-0.0283449,64.0000000,0.0490014,1.5819563,91.0000000,0.0000627,-0.0000415,1.0000000,7.8740157,7.8740157,
Picture_010.jpg,0,0.0009403,-8.6857057,2.1946480,0.0430426,92.0000000,-0.0750789,1.0956519,147.0000000,-0.0000013,-0.0000051,1.0000000,7.8740157,7.8740157,0.0006661,-49.6943468,1.5579175,0.0606344,92.0000000,-0.0532963,1.5434516,147.0000000,-0.0000009,-0.0000072,1.0000000,7.8740157,7.8740157,
Picture_011.jpg,0,0.0300187,41.8409546,1.9901109,-0.1516252,201.0000000,0.0280514,0.7908056,191.0000000,0.0000301,-0.0001615,1.0000000,7.8740157,7.8740157,0.0156601,-22.8694939,1.4127225,-0.2135953,201.0000000,0.0199129,1.1140127,191.0000000,0.0000214,-0.0002275,1.0000000,7.8740157,7.8740157,
Picture_012.jpg,0,-0.0021266,-1.7024137,2.3415923,0.0151759,10.0000000,0.0055223,1.1966197,74.0000000,-0.0000217,0.0000216,1.0000000,7.8740157,7.8740157,-0.0014099,-6.4027748,1.6622290,0.0213784,10.0000000,0.0039202,1.6856856,74.0000000,-0.0000154,0.0000305,1.0000000,7.8740157,7.8740157,
Picture_013.jpg,0,0.0001694,-14.5695838,2.2118859,-0.0534998,139.0000000,0.1242309,1.1057390,74.0000000,0.0000051,-0.0000036,1.0000000,7.8740157,7.8740157,-0.0001456,-77.1969835,1.5701542,-0.0753655,139.0000000,0.0881880,1.5576614,74.0000000,0.0000036,-0.0000051,1.0000000,7.8740157,7.8740157,
Picture_017.jpg,0,-0.0114060,-4.6716652,2.3205473,0.0777465,23.0000000,-0.0323596,1.2154882,121.0000000,-0.0000344,0.0000701,1.0000000,7.8740157,7.8740157,-0.0077097,-15.9210678,1.6472898,0.1095220,23.0000000,-0.0229711,1.7122657,121.0000000,-0.0000244,0.0000987,1.0000000,7.8740157,7.8740157,
Picture_019.jpg,0,0.0038182,-6.5040113,2.2027363,-0.0395310,99.0000000,-0.0108585,1.0665050,67.0000000,0.0000004,-0.0000468,1.0000000,7.8740157,7.8740157,0.0025245,-49.4536530,1.5636592,-0.0556875,99.0000000,-0.0077081,1.5023922,67.0000000,0.0000003,-0.0000659,1.0000000,7.8740157,7.8740157,
Picture_022.jpg,0,-0.0000144,-8.3093410,2.2554150,0.0069005,63.0000000,0.0127097,1.1345760,97.0000000,-0.0000055,0.0000005,1.0000000,7.8740157,7.8740157,0.0001044,-37.3323063,1.6010543,0.0097208,63.0000000,0.0090222,1.5982842,97.0000000,-0.0000039,0.0000007,1.0000000,7.8740157,7.8740157,
sepa_01_003.jpg,0,-0.0358866,-11.7216336,2.3884025,0.1536848,46.0000000,0.0189223,1.2627486,169.0000000,-0.0000088,0.0001530,1.0000000,7.8740157,7.8740157,-0.0252021,-35.2850664,1.6954583,0.2164967,46.0000000,0.0134324,1.7788417,169.0000000,-0.0000062,0.0002155,1.0000000,7.8740157,7.8740157,
sepa_01_005.jpg,0,0.0363433,62.8779056,1.9426588,-0.1482174,256.0000000,0.0371382,0.7534754,237.0000000,0.0000455,-0.0001640,1.0000000,7.8740157,7.8740157,0.0170813,-15.7016355,1.3790376,-0.2087947,256.0000000,0.0263633,1.0614255,237.0000000,0.0000323,-0.0002310,1.0000000,7.8740157,7.8740157,
sepa_01_008.jpg,0,-0.0006605,-11.2941272,2.3254942,0.0123618,71.0000000,0.0280586,1.1620984,102.0000000,0.0000117,0.0000041,1.0000000,7.8740157,7.8740157,-0.0007334,-44.8163234,1.6508014,0.0174142,71.0000000,0.0199180,1.6370552,102.0000000,0.0000083,0.0000057,1.0000000,7.8740157,7.8740157,
sepa_02_001.jpg,0,-0.0189995,-17.3161545,2.3906453,0.0851126,77.0000000,0.0276276,1.2290213,158.0000000,0.0000333,0.0000867,1.0000000,7.8740157,7.8740157,-0.0141465,-55.8026298,1.6970504,0.1198987,77.0000000,0.0196120,1.7313299,158.0000000,0.0000236,0.0001221,1.0000000,7.8740157,7.8740157,
sepa_02_008.jpg,0,0.0004226,-4.6269709,2.3797151,-0.0026557,26.0000000,0.0054355,1.1879333,94.0000000,0.0000061,-0.0000035,1.0000000,7.8740157,7.8740157,0.0002419,-17.0454699,1.6892913,-0.0037411,26.0000000,0.0038585,1.6734489,94.0000000,0.0000043,-0.0000049,1.0000000,7.8740157,7.8740157,
sepa_03_001.jpg,0,-0.0012156,-19.3130429,2.2415790,-0.0389214,138.0000000,0.1099687,1.1412201,98.0000000,-0.0000192,0.0000156,1.0000000,7.8740157,7.8740157,0.0001808,-83.4955917,1.5912324,-0.0548289,138.0000000,0.0780636,1.6076438,98.0000000,-0.0000137,0.0000220,1.0000000,7.8740157,7.8740157,
sepa_03_002.jpg,0,-0.0092940,-30.2516541,2.6852761,-0.0122958,158.0000000,0.2753295,1.1935304,52.0000000,0.0003566,-0.0000416,1.0000000,7.8740157,7.8740157,-0.0265249,-107.0332939,1.9062003,-0.0173212,158.0000000,0.1954485,1.6813337,52.0000000,0.0002531,-0.0000587,1.0000000,7.8740157,7.8740157,
sepa_03_008.jpg,0,-0.0007499,-18.1096742,2.3200925,-0.0341404,122.0000000,0.1094754,1.1500637,49.0000000,0.0000314,0.0000024,1.0000000,7.8740157,7.8740157,-0.0018152,-75.2512385,1.6469670,-0.0480938,122.0000000,0.0777135,1.6201018,49.0000000,0.0000223,0.0000033,1.0000000,7.8740157,7.8740157,
sepa_03_010.jpg,0,-0.0002003,-7.5476011,2.3842547,-0.0024938,40.0000000,0.0098999,1.1954540,57.0000000,0.0000035,0.0000022,1.0000000,7.8740157,7.8740157,-0.0001895,-26.8880263,1.6925139,-0.0035130,40.0000000,0.0070277,1.6840434,57.0000000,0.0000025,0.0000031,1.0000000,7.8740157,7.8740157,
sepa_03_011.jpg,0,-0.0341434,-41.3534398,2.4327100,0.0964615,178.0000000,0.0930164,1.2342078,176.0000000,0.0000978,0.0001347,1.0000000,7.8740157,7.8740157,-0.0295070,-130.9403147,1.7269109,0.1358860,178.0000000,0.0660297,1.7386362,176.0000000,0.0000694,0.0001897,1.0000000,7.8740157,7.8740157,
sepa_03_012.jpg,0,0.0464759,88.6113906,1.8845342,-0.1669071,265.0000000,0.0139078,0.6644975,264.0000000,0.0000479,-0.0001929,1.0000000,7.8740157,7.8740157,0.0219816,16.9167405,1.3377767,-0.2351231,265.0000000,0.0098728,0.9360818,264.0000000,0.0000340,-0.0002717,1.0000000,7.8740157,7.8740157,
sepa_04_005.jpg,0,-0.0518377,-63.2467235,2.6453094,0.1030081,218.0000000,0.1214092,1.2923289,221.0000000,0.0002629,0.0001218,1.0000000,7.8740157,7.8740157,-0.0574654,-178.1512723,1.8778291,0.1451081,218.0000000,0.0861849,1.8205117,221.0000000,0.0001866,0.0001716,1.0000000,7.8740157,7.8740157,
sepa_04_007.jpg,0,-0.0205083,-12.1686415,2.3823257,0.0999930,54.0000000,-0.0033376,1.2312653,162.0000000,0.0000251,0.0000919,1.0000000,7.8740157,7.8740157,-0.0148155,-39.1548747,1.6911445,0.1408608,54.0000000,-0.0023692,1.7344910,162.0000000,0.0000178,0.0001295,1.0000000,7.8740157,7.8740157,
sepa_05_003.jpg,0,0.0129916,6.2816245,2.1269405,-0.0454437,167.0000000,-0.0051469,0.9621299,141.0000000,0.0000627,-0.0000814,1.0000000,7.8740157,7.8740157,0.0052643,-59.1636660,1.5098539,-0.0640168,167.0000000,-0.0036536,1.3553584,141.0000000,0.0000445,-0.0001146,1.0000000,7.8740157,7.8740157,
sepa_05_004.jpg,0,-0.0016829,-8.4558434,2.3945727,0.0233211,44.0000000,-0.0146445,1.1984687,78.0000000,0.0000165,0.0000143,1.0000000,7.8740157,7.8740157,-0.0014370,-29.8030785,1.6998383,0.0328525,44.0000000,-0.0103957,1.6882902,78.0000000,0.0000117,0.0000202,1.0000000,7.8740157,7.8740157,
sepa_05_006.jpg,0,-0.0008792,-17.3337062,2.4157304,-0.0368528,92.0000000,0.1093028,1.1913545,34.0000000,0.0000443,0.0000012,1.0000000,7.8740157,7.8740157,-0.0020447,-61.9158284,1.7148576,-0.0519147,92.0000000,0.0775909,1.6782684,34.0000000,0.0000314,0.0000016,1.0000000,7.8740157,7.8740157,
XXX04_P_4X_R_0317_50.jpg,0,-0.0021243,-98.1125305,2.9399336,-0.0356343,235.0000000,0.0915533,1.4209753,169.0000000,0.0000774,-0.0000196,1.0000000,7.8740157,7.8740157,-0.0087504,-234.3192537,2.0869743,-0.0501983,235.0000000,0.0649911,2.0017367,169.0000000,0.0000549,-0.0000276,1.0000000,7.8740157,7.8740157,
IMG_20111027_132743.jpg,0,0.0172579,-9.3720137,2.2048936,-0.2073179,525.0000000,0.1435736,1.0178925,227.0000000,-0.0000215,-0.0000810,1.0000000,7.8740157,7.8740157,0.0130237,-227.5582782,1.5651905,-0.2920500,525.0000000,0.1019188,1.4339115,227.0000000,-0.0000153,-0.0001141,1.0000000,7.8740157,7.8740157,
IMG_20111027_132748.jpg,0,-0.0027420,-84.9535017,2.6743756,-0.0766603,234.0000000,0.1676220,1.3656657,134.0000000,-0.0000148,0.0000225,1.0000000,7.8740157,7.8740157,-0.0005072,-215.3442427,1.8984623,-0.1079919,234.0000000,0.1189901,1.9238216,134.0000000,-0.0000105,0.0000317,1.0000000,7.8740157,7.8740157,
IMG_20111027_132757.jpg,0,0.0178140,-61.3606931,2.6279245,-0.0306747,246.0000000,-0.0620403,1.2510954,253.0000000,0.0000226,-0.0000454,1.0000000,7.8740157,7.8740157,0.0115123,-186.8968622,1.8654881,-0.0432116,246.0000000,-0.0440406,1.7624257,253.0000000,0.0000160,-0.0000639,1.0000000,7.8740157,7.8740157,
IMG_20111027_132804.jpg,0,-0.0068029,-87.2687124,2.4595804,0.0102578,344.0000000,-0.0305022,1.2547691,381.0000000,-0.0000175,0.0000146,1.0000000,7.8740157,7.8740157,-0.0027837,-263.4821114,1.7459854,0.0144503,344.0000000,-0.0216526,1.7676010,381.0000000,-0.0000124,0.0000206,1.0000000,7.8740157,7.8740157,
IMG_20111027_132815.jpg,0,0.0031070,21.9139979,1.9308996,-0.1795740,550.0000000,0.2418256,0.9600888,235.0000000,-0.0000377,-0.0000273,1.0000000,7.8740157,7.8740157,0.0065036,-193.7350078,1.3706901,-0.2529670,550.0000000,0.1716651,1.3524830,235.0000000,-0.0000268,-0.0000385,1.0000000,7.8740157,7.8740157,
IMG_20111027_132823.jpg,0,-0.0173072,-297.2206284,1.5401244,-0.0243835,366.0000000,0.0682817,1.8132784,303.0000000,0.0000618,-0.0000111,1.0000000,7.8740157,7.8740157,-0.0252355,-568.7567858,1.0932900,-0.0343492,366.0000000,0.0484712,2.5543765,303.0000000,0.0000438,-0.0000156,1.0000000,7.8740157,7.8740157,
IMG_20111027_132832.jpg,0,
IMG_20111027_132839.jpg,0,0.0040805,-38.5439826,2.7825056,-0.0290022,96.0000000,-0.0363948,1.4090958,128.0000000,-0.0000371,-0.0000107,1.0000000,7.8740157,7.8740157,0.0045523,-93.5995941,1.9752207,-0.0408556,96.0000000,-0.0258356,1.9850020,128.0000000,-0.0000263,-0.0000151,1.0000000,7.8740157,7.8740157,
IMG_20111027_132847.jpg,0,0.0109431,-113.7878747,2.1600650,-0.0100652,412.0000000,-0.0166970,1.2769640,341.0000000,-0.0001399,0.0000137,1.0000000,7.8740157,7.8740157,0.0295709,-328.7071434,1.5333680,-0.0141789,412.0000000,-0.0118527,1.7988671,341.0000000,-0.0000993,0.0000193,1.0000000,7.8740157,7.8740157,
2a.bi4.jpg,0,0.0070011,91.3988230,1.2557096,-0.0238927,170.0000000,0.0582035,0.4615499,238.0000000,0.0000582,-0.0000394,1.0000000,7.8740157,7.8740157,0.0003016,59.5059899,0.8913921,-0.0336578,170.0000000,0.0413170,0.6501882,238.0000000,0.0000413,-0.0000555,1.0000000,7.8740157,7.8740157,
3f.bi4.jpg,0,0.0032186,63.6042317,1.2599693,-0.0181870,122.0000000,0.0208550,0.4775405,230.0000000,0.0000211,-0.0000342,1.0000000,7.8740157,7.8740157,-0.0007477,39.9634125,0.8944160,-0.0256201,122.0000000,0.0148044,0.6727143,230.0000000,0.0000150,-0.0000482,1.0000000,7.8740157,7.8740157,
49.bi4.jpg,0,
4e.bi4.jpg,0,
52.bi4.jpg,0,0.0029194,72.3397115,1.2750214,-0.0089907,142.0000000,-0.0011722,0.4895768,249.0000000,0.0000200,-0.0000221,1.0000000,7.8740157,7.8740157,-0.0001515,44.0963224,0.9051010,-0.0126653,142.0000000,-0.0008321,0.6896699,249.0000000,0.0000142,-0.0000311,1.0000000,7.8740157,7.8740157,
56.bi4.jpg,0,
6d.bi4.jpg,0,
7f.bi4.jpg,0,
85.bi4.jpg,0,
97.bi4.jpg,0,
9b.bi4.jpg,0,0.0000538,67.6993023,1.2294255,-0.0077563,169.0000000,0.0020365,0.5988679,113.0000000,-0.0000033,-0.0000108,1.0000000,7.8740157,7.8740157,-0.0002817,26.4466264,0.8727338,-0.0109264,169.0000000,0.0014457,0.8436288,113.0000000,-0.0000024,-0.0000152,1.0000000,7.8740157,7.8740157,
a3.bi4.jpg,0,0.0003377,44.9036225,1.2819553,-0.0050406,121.0000000,0.0003457,0.6280289,106.0000000,0.0000033,-0.0000065,1.0000000,7.8740157,7.8740157,-0.0000564,13.9606813,0.9100232,-0.0071007,121.0000000,0.0002454,0.8847082,106.0000000,0.0000023,-0.0000091,1.0000000,7.8740157,7.8740157,
ac.bi4.jpg,0,0.0035634,57.3190541,1.3243038,0.0035050,116.0000000,0.0319489,0.5044849,244.0000000,0.0000437,-0.0000135,1.0000000,7.8740157,7.8740157,0.0007496,33.5795002,0.9400852,0.0049376,116.0000000,0.0226796,0.7106710,244.0000000,0.0000310,-0.0000190,1.0000000,7.8740157,7.8740157,
IMG_0243.JPG,0,0.0000612,-6.2578700,2.1832169,-0.0034006,79.0000000,-0.0014356,1.0804180,89.0000000,-0.0000161,0.0000004,1.0000000,7.8740157,7.8740157,0.0004469,-40.9503360,1.5498029,-0.0047905,79.0000000,-0.0010191,1.5219915,89.0000000,-0.0000115,0.0000006,1.0000000,7.8740157,7.8740157,
IMG_0244.JPG,0,-0.0005214,-4.3181957,2.2020170,-0.0014674,51.0000000,-0.0048577,1.0867143,95.0000000,-0.0000134,0.0000051,1.0000000,7.8740157,7.8740157,-0.0001260,-26.7749621,1.5631485,-0.0020671,51.0000000,-0.0034483,1.5308611,95.0000000,-0.0000095,0.0000072,1.0000000,7.8740157,7.8740157,
IMG_0245.JPG,0,-0.0007878,-10.0849661,2.3112861,0.0024739,67.0000000,0.0162507,1.1535266,71.0000000,-0.0000219,0.0000110,1.0000000,7.8740157,7.8740157,-0.0000428,-41.4732297,1.6407156,0.0034850,67.0000000,0.0115359,1.6249801,71.0000000,-0.0000156,0.0000155,1.0000000,7.8740157,7.8740157,
IMG_0246.JPG,0,-0.0002328,-6.9780523,2.2417633,0.0011393,57.0000000,-0.0015479,1.1251484,79.0000000,-0.0000345,0.0000048,1.0000000,7.8740157,7.8740157,0.0004935,-32.9992468,1.5913633,0.0016049,57.0000000,-0.0010988,1.5850034,79.0000000,-0.0000245,0.0000068,1.0000000,7.8740157,7.8740157,
IMG_0247.JPG,0,-0.0017891,-8.1904517,2.2436637,0.0072008,73.0000000,-0.0111910,1.1141426,107.0000000,-0.0000273,0.0000149,1.0000000,7.8740157,7.8740157,-0.0005599,-41.2359134,1.5927124,0.0101438,73.0000000,-0.0079442,1.5694995,107.0000000,-0.0000194,0.0000210,1.0000000,7.8740157,7.8740157,
IMG_0248.JPG,0,-0.0019854,-9.7096388,2.1871638,0.0068837,110.0000000,-0.0158755,1.0892325,131.0000000,-0.0000409,0.0000149,1.0000000,7.8740157,7.8740157,0.0001208,-58.4896190,1.5526047,0.0096971,110.0000000,-0.0112696,1.5344085,131.0000000,-0.0000291,0.0000211,1.0000000,7.8740157,7.8740157,
IMG_0249.JPG,0,0.0000187,-8.1248149,2.2443518,-0.0101866,81.0000000,-0.0101237,1.1018713,113.0000000,-0.0000268,0.0000017,1.0000000,7.8740157,7.8740157,0.0007249,-44.4016761,1.5932008,-0.0143499,81.0000000,-0.0071865,1.5522130,113.0000000,-0.0000190,0.0000023,1.0000000,7.8740157,7.8740157,
IMG_0250.JPG,0,0.0000645,-9.7143452,2.2440573,-0.0144948,98.0000000,0.0009340,1.1004005,123.0000000,-0.0000214,0.0000012,1.0000000,7.8740157,7.8740157,0.0007328,-53.5875863,1.5929918,-0.0204189,98.0000000,0.0006630,1.5501410,123.0000000,-0.0000152,0.0000017,1.0000000,7.8740157,7.8740157,
IMG_0251.JPG,0,-0.0051477,-7.0798209,2.2399677,0.0138161,50.0000000,-0.0397037,1.1451972,153.0000000,-0.0000468,0.0000281,1.0000000,7.8740157,7.8740157,-0.0027116,-30.3004493,1.5900886,0.0194628,50.0000000,-0.0281845,1.6132464,153.0000000,-0.0000332,0.0000396,1.0000000,7.8740157,7.8740157,
IMG_0252.JPG,0,-0.0036167,-4.4921034,2.2471365,0.0007544,34.0000000,-0.0072237,1.1371515,135.0000000,-0.0000272,0.0000222,1.0000000,7.8740157,7.8740157,-0.0021238,-20.1067731,1.5951776,0.0010627,34.0000000,-0.0051279,1.6019123,135.0000000,-0.0000193,0.0000313,1.0000000,7.8740157,7.8740157,
IMG_0253.JPG,0,-0.0010048,-8.3910481,2.3114250,0.0134799,59.0000000,-0.0035420,1.1454542,93.0000000,0.0000010,0.0000082,1.0000000,7.8740157,7.8740157,-0.0007106,-35.8096900,1.6408141,0.0189892,59.0000000,-0.0025144,1.6136085,93.0000000,0.0000007,0.0000115,1.0000000,7.8740157,7.8740157,
IMG_0254.JPG,0,-0.0007796,-3.4988082,2.3149459,0.0174800,26.0000000,-0.0044541,1.1417379,86.0000000,0.0000047,0.0000068,1.0000000,7.8740157,7.8740157,-0.0005759,-15.4263297,1.6433135,0.0246242,26.0000000,-0.0031618,1.6083732,86.0000000,0.0000033,0.0000096,1.0000000,7.8740157,7.8740157,
IMG_0255.JPG,0,-0.0007753,-9.4616535,2.1575383,0.0171823,121.0000000,-0.0095573,1.0789508,126.0000000,-0.0000192,0.0000062,1.0000000,7.8740157,7.8740157,0.0002195,-62.6344969,1.5315744,0.0242048,121.0000000,-0.0067844,1.5199246,126.0000000,-0.0000136,0.0000088,1.0000000,7.8740157,7.8740157,
IMG_0256.JPG,0,-0.0011606,-8.3566830,2.1591686,-0.0009856,104.0000000,0.0132444,1.0812584,149.0000000,-0.0000079,0.0000072,1.0000000,7.8740157,7.8740157,-0.0004868,-54.1315293,1.5327317,-0.0013884,104.0000000,0.0094018,1.5231754,149.0000000,-0.0000056,0.0000101,1.0000000,7.8740157,7.8740157,
IMG_0257.JPG,0,0.0000043,-3.6294638,2.2034983,-0.0111392,25.0000000,-0.0105238,1.1525209,72.0000000,-0.0000317,0.0000016,1.0000000,7.8740157,7.8740157,0.0002821,-15.2372679,1.5642001,-0.0156919,25.0000000,-0.0074705,1.6235633,72.0000000,-0.0000225,0.0000023,1.0000000,7.8740157,7.8740157,
IMG_0258.JPG,0,-0.0000471,-4.4375753,2.2023462,-0.0154227,31.0000000,0.0178310,1.1489236,61.0000000,-0.0000197,0.0000021,1.0000000,7.8740157,7.8740157,0.0001836,-18.8249211,1.5633822,-0.0217261,31.0000000,0.0126577,1.6184958,61.0000000,-0.0000140,0.0000030,1.0000000,7.8740157,7.8740157,
IMG_0259.JPG,0,0.0003098,-8.5171367,2.1438904,-0.0044097,126.0000000,0.0049135,1.0682156,101.0000000,-0.0000219,-0.0000010,1.0000000,7.8740157,7.8740157,0.0010696,-63.3415939,1.5218862,-0.0062120,126.0000000,0.0034879,1.5048019,101.0000000,-0.0000155,-0.0000014,1.0000000,7.8740157,7.8740157,
IMG_0260.JPG,0,-0.0004654,-4.4332052,2.1594418,0.0028669,66.0000000,0.0097292,1.0683709,112.0000000,-0.0000194,0.0000042,1.0000000,7.8740157,7.8740157,0.0000991,-33.0622231,1.5329256,0.0040387,66.0000000,0.0069065,1.5050206,112.0000000,-0.0000137,0.0000060,1.0000000,7.8740157,7.8740157,
app_018.jpg,0,
app_019.jpg,0,
IMG_0030.jpg,0,
IMG_0031.jpg,0,
IMG_0032.jpg,0,
IMG_0033.jpg,0,
IMG_0034.jpg,0,
IMG_0035.jpg,0,
IMG_0036.jpg,0,
IMG_0037.jpg,0,
IMG_0038.jpg,0,
IMG_0039.jpg,0,
IMG_0040.jpg,0,
IMG_0041.jpg,0,
IMG_0042.jpg,0,
IMG_0043.jpg,0,
IMG_0044.jpg,0,
IMG_0045.jpg,0,
IMG_0030.JPG,0,-0.0006034,9.8774874,1.7213113,0.0067906,68.0000000,0.0063808,0.8531855,86.0000000,0.0000037,0.0000104,1.0000000,7.8740157,7.8740157,-0.0003095,-13.6835607,1.2219094,0.0095660,68.0000000,0.0045295,1.2018877,86.0000000,0.0000026,0.0000147,1.0000000,7.8740157,7.8740157,
IMG_0031.JPG,0,-0.0005548,16.8071001,1.6417290,-0.0055986,92.0000000,0.0069136,0.8160309,65.0000000,-0.0000215,0.0000048,1.0000000,7.8740157,7.8740157,0.0001482,-13.7336547,1.1654162,-0.0078867,92.0000000,0.0049078,1.1495477,65.0000000,-0.0000153,0.0000068,1.0000000,7.8740157,7.8740157,
IMG_0032.JPG,0,-0.0004356,8.1119177,1.7097577,0.0054420,55.0000000,0.0032214,0.8505824,79.0000000,-0.0000195,0.0000048,1.0000000,7.8740157,7.8740157,0.0000294,-10.8597757,1.2137079,0.0076661,55.0000000,0.0022868,1.1982207,79.0000000,-0.0000138,0.0000067,1.0000000,7.8740157,7.8740157,
IMG_0033.JPG,0,-0.0006869,17.8587015,1.6531314,-0.0016604,104.0000000,-0.0036189,0.8271965,99.0000000,-0.0000366,0.0000006,1.0000000,7.8740157,7.8740157,0.0004385,-17.1601098,1.1735104,-0.0023390,104.0000000,-0.0025690,1.1652768,99.0000000,-0.0000259,0.0000008,1.0000000,7.8740157,7.8740157,
IMG_0034.JPG,0,-0.0006452,8.5994968,1.7276278,0.0021463,58.0000000,0.0013411,0.8498491,107.0000000,-0.0000099,0.0000072,1.0000000,7.8740157,7.8740157,-0.0001658,-11.3922448,1.2263933,0.0030235,58.0000000,0.0009520,1.1971877,107.0000000,-0.0000070,0.0000101,1.0000000,7.8740157,7.8740157,
IMG_0035.JPG,0,-0.0002587,16.8443791,1.6719972,-0.0044017,93.0000000,-0.0022619,0.8175594,107.0000000,-0.0000211,-0.0000012,1.0000000,7.8740157,7.8740157,0.0002571,-14.0798327,1.1869027,-0.0062007,93.0000000,-0.0016057,1.1517009,107.0000000,-0.0000150,-0.0000018,1.0000000,7.8740157,7.8740157,
IMG_0036.JPG,0,-0.0002789,6.1773870,1.7715559,0.0095163,48.0000000,-0.0296654,0.8692020,95.0000000,-0.0000258,0.0000013,1.0000000,7.8740157,7.8740157,0.0001285,-10.7157960,1.2575766,0.0134056,48.0000000,-0.0210586,1.2244502,95.0000000,-0.0000183,0.0000018,1.0000000,7.8740157,7.8740157,
IMG_0037.JPG,0,0.0001277,8.7210479,1.7707290,-0.0078914,66.0000000,-0.0141856,0.8663016,94.0000000,-0.0000107,-0.0000029,1.0000000,7.8740157,7.8740157,0.0002198,-14.4874213,1.2569896,-0.0111167,66.0000000,-0.0100699,1.2203644,94.0000000,-0.0000076,-0.0000041,1.0000000,7.8740157,7.8740157,
IMG_0038.JPG,0,-0.0013218,22.7276868,1.6560073,0.0160054,133.0000000,-0.0161043,0.8282681,120.0000000,-0.0000036,0.0000152,1.0000000,7.8740157,7.8740157,-0.0004353,-22.1533069,1.1755520,0.0225469,133.0000000,-0.0114320,1.1667864,120.0000000,-0.0000026,0.0000215,1.0000000,7.8740157,7.8740157,
IMG_0039.JPG,0,-0.0012588,21.6392441,1.6371473,0.0089351,119.0000000,-0.0259995,0.8171788,151.0000000,-0.0000139,0.0000095,1.0000000,7.8740157,7.8740157,-0.0001970,-17.9640920,1.1621638,0.0125870,119.0000000,-0.0184563,1.1511648,151.0000000,-0.0000098,0.0000133,1.0000000,7.8740157,7.8740157,
IMG_0040.JPG,0,-0.0002231,12.4659220,1.7128220,0.0096658,81.0000000,-0.0098063,0.8447333,118.0000000,-0.0000012,0.0000024,1.0000000,7.8740157,7.8740157,-0.0000774,-15.3474526,1.2158831,0.0136163,81.0000000,-0.0069612,1.1899811,118.0000000,-0.0000009,0.0000034,1.0000000,7.8740157,7.8740157,
IMG_0041.JPG,0,-0.0000926,11.3211156,1.7182743,0.0061054,73.0000000,-0.0072541,0.8433751,106.0000000,0.0000000,0.0000012,1.0000000,7.8740157,7.8740157,-0.0000404,-13.6876174,1.2197535,0.0086007,73.0000000,-0.0051495,1.1880678,106.0000000,0.0000000,0.0000017,1.0000000,7.8740157,7.8740157,
IMG_0042.JPG,0,-0.0004619,10.1596321,1.7155442,0.0109007,70.0000000,0.0229529,0.8533635,90.0000000,-0.0000002,0.0000073,1.0000000,7.8740157,7.8740157,-0.0001886,-14.1056580,1.2178155,0.0153559,70.0000000,0.0162936,1.2021384,90.0000000,-0.0000001,0.0000103,1.0000000,7.8740157,7.8740157,
IMG_0043.JPG,0,-0.0001689,16.0615049,1.6738449,-0.0068163,96.0000000,0.0208343,0.8315100,89.0000000,-0.0000087,0.0000006,1.0000000,7.8740157,7.8740157,0.0000945,-16.4176608,1.1882144,-0.0096021,96.0000000,0.0147897,1.1713532,89.0000000,-0.0000062,0.0000008,1.0000000,7.8740157,7.8740157,
IMG_0044.JPG,0,-0.0000791,12.8271976,1.6932745,-0.0027017,107.0000000,0.0038350,0.8793379,82.0000000,-0.0000116,-0.0000012,1.0000000,7.8740157,7.8740157,0.0002417,-25.4957416,1.2020069,-0.0038059,107.0000000,0.0027223,1.2387287,82.0000000,-0.0000083,-0.0000017,1.0000000,7.8740157,7.8740157,
IMG_0045.JPG,0,0.0000452,12.9067367,1.6822132,-0.0156044,100.0000000,0.0176873,0.8700461,81.0000000,-0.0000047,-0.0000019,1.0000000,7.8740157,7.8740157,0.0001193,-22.5201175,1.1941548,-0.0219820,100.0000000,0.0125557,1.2256393,81.0000000,-0.0000033,-0.0000026,1.0000000,7.8740157,7.8740157,
IMG_0046.JPG,0,-0.0004665,12.1705078,1.7032544,0.0067296,76.0000000,0.0139350,0.8383661,91.0000000,0.0000062,0.0000087,1.0000000,7.8740157,7.8740157,-0.0002805,-13.7190240,1.2090913,0.0094800,76.0000000,0.0098921,1.1810115,91.0000000,0.0000044,0.0000122,1.0000000,7.8740157,7.8740157,
IMG_0047.JPG,0,-0.0007024,12.0826661,1.6689495,0.0057632,70.0000000,0.0002279,0.8257250,109.0000000,-0.0000089,0.0000081,1.0000000,7.8740157,7.8740157,-0.0001619,-11.3941267,1.1847393,0.0081187,70.0000000,0.0001618,1.1632040,109.0000000,-0.0000063,0.0000114,1.0000000,7.8740157,7.8740157,
40004_M_4X_R_0317_19.jpg,0,
42004_M_4X_R_0317_43.jpg,0,0.0082110,-18.0137352,3.1731320,-0.0268908,40.0000000,0.0879893,1.4762153,138.0000000,0.0000463,-0.0000313,1.0000000,7.8740157,7.8740157,0.0059111,-41.8299894,2.2525151,-0.0378812,40.0000000,0.0624611,2.0795537,138.0000000,0.0000328,-0.0000440,1.0000000,7.8740157,7.8740157,
42004_P_4X_R_0317_40.jpg,0,
app_002.jpg,0,
app_011.jpg,0,
app_013.jpg,0,
app_014.jpg,0,
app_015.jpg,0,0.0033693,1.4092099,1.8438407,-0.0175641,7.0000000,-0.0558351,0.7710894,120.0000000,-0.0000346,-0.0000330,1.0000000,7.8740157,7.8740157,0.0018224,-0.5770309,1.3088895,-0.0247427,7.0000000,-0.0396357,1.0862384,120.0000000,-0.0000246,-0.0000465,1.0000000,7.8740157,7.8740157,
IMAG0052.jpg,0,
IMAG0054.jpg,0,0.0018220,-16.7539002,2.9608931,-0.0554538,76.0000000,0.0633976,1.2262845,32.0000000,0.0000358,-0.0000432,1.0000000,7.8740157,7.8740157,0.0004671,-54.4864919,2.1018529,-0.0781182,76.0000000,0.0450042,1.7274745,32.0000000,0.0000254,-0.0000608,1.0000000,7.8740157,7.8740157,
IMAG0055.jpg,0,
IMAG0056.jpg,0,
IMAG0057.jpg,0,
IMAG0058.jpg,0,
IMAG0234.jpg,0,
IMAG0235.jpg,0,
IMAG0236.jpg,0,
IMAG0237.jpg,0,
IMAG0238.jpg,0,
IMAG0239.jpg,0,
IMAG0240.jpg,0,
IMAG0241.jpg,0,
IMAG0242.jpg,0,
IMAG0243.jpg,0,
IMAG0244.jpg,0,
IMAG0245.jpg,0,
IMAG0246.jpg,0,
IMAG0248.jpg,0,
IMAG0249.jpg,0,
IMAG0250.jpg,0,
IMAG0450.jpg,0,
IMG_0839.JPG,0,-0.0000009,76.0011258,1.1920595,-0.0760173,153.0000000,0.0242896,0.5026363,-3.0000000,0.0000062,-0.0001109,1.0000000,7.8740157,7.8740157,-0.0001412,44.7106722,0.8462088,-0.1070860,153.0000000,0.0172425,0.7080668,-3.0000000,0.0000044,-0.0001562,1.0000000,7.8740157,7.8740157,
IMG_8645.JPG,0,
IMG_8646.JPG,0,
IMG_8647.JPG,0,
IMG_8648.JPG,0,
IMG_8649.JPG,0,
IMG_8650.JPG,0,
IMG_8651.JPG,0,
IMG_8652.JPG,0,
IMG_8653.JPG,0,
IMG_8654.JPG,0,
IMG_8655.JPG,0,
IMG_8656.JPG,0,
sepa_01_006.jpg,0,
sepa_02_007.jpg,0,-0.0014184,2.0460431,2.4733626,0.0209506,-6.0000000,0.0063233,1.2737781,50.0000000,0.0000050,0.0000194,1.0000000,7.8740157,7.8740157,-0.0010126,5.3666415,1.7557690,0.0295132,-6.0000000,0.0044888,1.7943791,50.0000000,0.0000036,0.0000274,1.0000000,7.8740157,7.8740157,
sepa_03_007.jpg,0,
sepa_06_002.jpg,0,
app_001.jpg,0,0.0045973,3.4908344,1.8458998,-0.0398607,24.0000000,-0.0071428,0.8492347,97.0000000,-0.0000119,-0.0000559,1.0000000,7.8740157,7.8740157,0.0024651,-4.6508037,1.3103512,-0.0561520,24.0000000,-0.0050705,1.1963222,97.0000000,-0.0000085,-0.0000787,1.0000000,7.8740157,7.8740157,
sepa_05_005.jpg,0,-0.0285206,-68.9286357,2.9090328,-0.0164499,218.0000000,0.3193723,1.3189797,-4.0000000,0.0003956,-0.0000134,1.0000000,7.8740157,7.8740157,-0.0535185,-186.1420983,2.0650387,-0.0231730,218.0000000,0.2267132,1.8580549,-4.0000000,0.0002808,-0.0000189,1.0000000,7.8740157,7.8740157,
5e.jpg,0,0.0005303,40.2783802,1.3804620,0.0122567,81.0000000,-0.0006316,0.5003893,84.0000000,0.0000218,0.0000117,1.0000000,7.8740157,7.8740157,0.0004193,23.9088905,0.9799502,0.0172661,81.0000000,-0.0004484,0.7049016,84.0000000,0.0000155,0.0000165,1.0000000,7.8740157,7.8740157,
96.jpg,0,0.0005006,36.6703445,1.3150917,0.0077191,70.0000000,-0.0012758,0.4737692,88.0000000,0.0000133,-0.0000001,1.0000000,7.8740157,7.8740157,0.0002280,23.3039903,0.9335458,0.0108739,70.0000000,-0.0009056,0.6674016,88.0000000,0.0000094,-0.0000001,1.0000000,7.8740157,7.8740157,
9c.jpg,0,0.0010818,46.7409746,1.2955429,-0.0046526,88.0000000,0.0025639,0.4670627,88.0000000,0.0000152,-0.0000145,1.0000000,7.8740157,7.8740157,0.0001712,30.1275129,0.9196686,-0.0065542,88.0000000,0.0018201,0.6579541,88.0000000,0.0000108,-0.0000204,1.0000000,7.8740157,7.8740157,
a0.jpg,0,0.0003471,37.1267865,1.3390855,0.0130753,73.0000000,-0.0002827,0.4890405,87.0000000,0.0000108,0.0000023,1.0000000,7.8740157,7.8740157,0.0001996,22.7246282,0.9505783,0.0184192,73.0000000,-0.0002007,0.6889143,87.0000000,0.0000076,0.0000032,1.0000000,7.8740157,7.8740157,
a7.jpg,0,0.0003809,41.1657354,1.2982369,0.0064278,78.0000000,-0.0121205,0.4702085,86.0000000,-0.0000004,-0.0000149,1.0000000,7.8740157,7.8740157,-0.0001348,26.3604000,0.9215811,0.0090548,78.0000000,-0.0086040,0.6623856,86.0000000,-0.0000003,-0.0000210,1.0000000,7.8740157,7.8740157,
a8.jpg,0,0.0026001,50.9375590,1.3388479,-0.0096113,101.0000000,0.0168278,0.4939700,64.0000000,0.0000470,-0.0000113,1.0000000,7.8740157,7.8740157,0.0009268,30.7333600,0.9504096,-0.0135395,101.0000000,0.0119456,0.6958586,64.0000000,0.0000334,-0.0000159,1.0000000,7.8740157,7.8740157,
ab.jpg,0,0.0010045,42.1315696,1.3158472,0.0130895,81.0000000,0.0082496,0.4778210,85.0000000,0.0000245,0.0000022,1.0000000,7.8740157,7.8740157,0.0005065,26.4996865,0.9340821,0.0184392,81.0000000,0.0058562,0.6731094,85.0000000,0.0000174,0.0000031,1.0000000,7.8740157,7.8740157,
de.jpg,0,0.0008001,36.5404769,1.3346071,0.0014810,71.0000000,0.0137759,0.4829085,76.0000000,0.0000196,-0.0000032,1.0000000,7.8740157,7.8740157,0.0002964,22.7172129,0.9473992,0.0020863,71.0000000,0.0097791,0.6802761,76.0000000,0.0000139,-0.0000045,1.0000000,7.8740157,7.8740157,
e6.jpg,0,0.0033454,55.7049620,1.3197902,-0.0173286,104.0000000,0.0116351,0.4627233,90.0000000,0.0000456,-0.0000315,1.0000000,7.8740157,7.8740157,0.0008118,36.2304956,0.9368811,-0.0244110,104.0000000,0.0082594,0.6518412,90.0000000,0.0000324,-0.0000443,1.0000000,7.8740157,7.8740157,
f4.jpg,0,0.0002649,43.0880207,1.3093782,-0.0087470,82.0000000,-0.0038031,0.4725463,82.0000000,-0.0000022,-0.0000140,1.0000000,7.8740157,7.8740157,-0.0001513,27.4379043,0.9294899,-0.0123219,82.0000000,-0.0026997,0.6656789,82.0000000,-0.0000016,-0.0000197,1.0000000,7.8740157,7.8740157,
IMAG0053.jpg,0,0.0022528,10.9560226,2.0151101,0.0204645,-10.0000000,0.0029964,1.9946358,224.0000000,0.0000026,-0.0000097,1.0000000,7.8740157,7.8740157,0.0013683,18.8776434,1.4304687,0.0288284,-10.0000000,0.0021270,2.8098557,224.0000000,0.0000018,-0.0000137,1.0000000,7.8740157,7.8740157,
photo.jpg,0,-0.0035566,33.9289832,0.9189991,0.0220803,68.0000000,-0.0990181,0.5016380,113.0000000,-0.0000968,-0.0000140,1.0000000,5.8000000,5.8000000,-0.0022915,20.0435632,0.6522965,0.0311082,68.0000000,-0.0702821,0.7067412,113.0000000,-0.0000687,-0.0000197,1.0000000,5.8000000,5.8000000,
23004_3GS_G_I_1502_1.jpg,0,-0.0070758,-0.1360850,2.4879234,0.0479278,2.0000000,0.0239133,1.2657512,108.0000000,0.0000074,0.0000443,1.0000000,7.8740157,7.8740157,-0.0051265,-0.9662279,1.7661053,0.0675162,2.0000000,0.0169754,1.7830716,108.0000000,0.0000052,0.0000623,1.0000000,7.8740157,7.8740157,
23004_3GS_G_I_1502_1_blue.jpg,0,0.0009367,-19.3715596,1.6073348,-0.0075892,29.0000000,-0.0642035,1.6822734,55.0000000,-0.0000582,0.0000068,1.0000000,7.8740157,7.8740157,0.0015797,-39.5318907,1.1410007,-0.0106910,29.0000000,-0.0455763,2.3698289,55.0000000,-0.0000413,0.0000096,1.0000000,7.8740157,7.8740157,
23004_3GS_G_I_1502_1_green.jpg,0,0.0009367,-19.3715596,1.6073348,-0.0075892,29.0000000,-0.0642035,1.6822734,55.0000000,-0.0000582,0.0000068,1.0000000,7.8740157,7.8740157,0.0015797,-39.5318907,1.1410007,-0.0106910,29.0000000,-0.0455763,2.3698289,55.0000000,-0.0000413,0.0000096,1.0000000,7.8740157,7.8740157,
23004_4_G_I_1502_1.jpg,0,0.0047020,-9.8719007,2.8497151,0.0028390,26.0000000,-0.0281422,1.4087695,127.0000000,-0.0000032,-0.0000198,1.0000000,7.8740157,7.8740157,0.0036975,-24.5909820,2.0229308,0.0039993,26.0000000,-0.0199774,1.9845423,127.0000000,-0.0000023,-0.0000279,1.0000000,7.8740157,7.8740157,
30006_3GS_H_I_1502_1.jpg,0,0.0008815,-5.6897283,2.4911111,-0.0181376,30.0000000,0.0838954,1.1995773,65.0000000,0.0000408,-0.0000124,1.0000000,7.8740157,7.8740157,0.0001966,-20.1654997,1.7683681,-0.0255506,30.0000000,0.0595549,1.6898520,65.0000000,0.0000289,-0.0000175,1.0000000,7.8740157,7.8740157,
30006_4_H_I_1502_1.jpg,0,-0.0213852,-41.6031282,3.0440012,0.0965804,77.0000000,0.0476593,1.5550340,160.0000000,0.0000025,0.0000659,1.0000000,7.8740157,7.8740157,-0.0171307,-90.2930310,2.1608489,0.1360535,77.0000000,0.0338319,2.1905860,160.0000000,0.0000018,0.0000929,1.0000000,7.8740157,7.8740157,
40004_3GS_G_I_1502_1.jpg,0,-0.0017792,-3.0067092,2.5218472,0.0383890,13.0000000,0.0326319,1.2619506,43.0000000,0.0000353,0.0000264,1.0000000,7.8740157,7.8740157,-0.0014483,-9.4957868,1.7901868,0.0540788,13.0000000,0.0231644,1.7777176,43.0000000,0.0000251,0.0000372,1.0000000,7.8740157,7.8740157,
40004_4_G_I_1502_1.jpg,0,-0.0012349,-11.0851497,2.0178525,0.0149769,11.0000000,-0.0934875,2.1104975,127.0000000,-0.0000538,0.0000137,1.0000000,7.8740157,7.8740157,-0.0003501,-20.8505928,1.4324155,0.0210981,11.0000000,-0.0663641,2.9730708,127.0000000,-0.0000382,0.0000194,1.0000000,7.8740157,7.8740157,
40004_P_4X_R_0317_31.jpg,0,-0.0009090,-93.9943563,2.5234943,-0.0169722,486.0000000,0.0641145,1.1940122,365.0000000,0.0000545,-0.0000087,1.0000000,7.8740157,7.8740157,-0.0098887,-330.9182923,1.7913561,-0.0239088,486.0000000,0.0455131,1.6820124,365.0000000,0.0000387,-0.0000123,1.0000000,7.8740157,7.8740157,
40004_P_4X_R_0317_32.jpg,0,-0.0204940,-69.3690606,2.2762725,0.0357379,570.0000000,0.0162348,1.1219732,452.0000000,0.0000332,0.0000330,1.0000000,7.8740157,7.8740157,-0.0198856,-330.5449075,1.6158604,0.0503443,570.0000000,0.0115246,1.5805306,452.0000000,0.0000235,0.0000465,1.0000000,7.8740157,7.8740157,
IMG_0047.jpg,0,-0.0222316,-12.6936491,2.6388402,0.0742534,36.0000000,0.0132014,1.3694185,188.0000000,-0.0000301,0.0000722,1.0000000,7.8740157,7.8740157,-0.0163691,-32.6365682,1.8732368,0.1046012,36.0000000,0.0093713,1.9291083,188.0000000,-0.0000214,0.0001017,1.0000000,7.8740157,7.8740157,
picture_001_270.jpg,0,-0.0012493,-15.5518750,2.5397811,-0.0148306,100.0000000,0.1791691,1.1579508,64.0000000,0.0002321,-0.0000327,1.0000000,7.8740157,7.8740157,-0.0088402,-62.6144383,1.8029175,-0.0208920,100.0000000,0.1271870,1.6312125,64.0000000,0.0001648,-0.0000461,1.0000000,7.8740157,7.8740157,
picture_001_90.jpg,0,-0.0006774,-14.8156386,2.5378303,-0.0192435,99.0000000,0.1799798,1.1520142,67.0000000,0.0002328,-0.0000367,1.0000000,7.8740157,7.8740157,-0.0083678,-61.1628738,1.8015328,-0.0271084,99.0000000,0.1277625,1.6228496,67.0000000,0.0001652,-0.0000517,1.0000000,7.8740157,7.8740157,
Picture_008.jpg,0,-0.0094267,2.7351242,1.8863554,0.2178124,96.0000000,-0.3931784,0.9712436,380.0000000,-0.0000250,0.0000195,1.0000000,7.8740157,7.8740157,-0.0057084,-35.2220558,1.3390695,0.3068336,96.0000000,-0.2791061,1.3681969,380.0000000,-0.0000178,0.0000274,1.0000000,7.8740157,7.8740157,
Picture_026.jpg,0,0.0011522,-14.1317776,2.0621355,-0.1421655,199.0000000,0.2840865,1.0713950,6.0000000,-0.0000438,0.0000098,1.0000000,7.8740157,7.8740157,0.0037064,-101.1106431,1.4638507,-0.2002694,199.0000000,0.2016648,1.5092808,6.0000000,-0.0000311,0.0000138,1.0000000,7.8740157,7.8740157,
sepa_02_003.jpg,0,0.0000482,-11.7038417,2.1357122,-0.1207930,190.0000000,0.2311339,1.0619696,43.0000000,0.0000008,-0.0000124,1.0000000,7.8740157,7.8740157,-0.0002123,-93.9846122,1.5160807,-0.1701618,190.0000000,0.1640753,1.4960031,43.0000000,0.0000005,-0.0000175,1.0000000,7.8740157,7.8740157,
sepa_02_004.jpg,0,0.0017631,-3.6744478,2.0726214,0.1436735,118.0000000,-0.2803263,1.0314250,276.0000000,0.0000047,-0.0000048,1.0000000,7.8740157,7.8740157,0.0010563,-53.2375440,1.4712943,0.2023937,118.0000000,-0.1989956,1.4529748,276.0000000,0.0000033,-0.0000068,1.0000000,7.8740157,7.8740157,
sepa_02_005.jpg,0,0.0394344,59.8720712,1.6304562,-0.0689806,215.0000000,-0.3611660,0.7207063,353.0000000,-0.0001146,-0.0001450,1.0000000,7.8740157,7.8740157,0.0256631,-3.2792188,1.1574140,-0.0971735,215.0000000,-0.2563814,1.0152634,353.0000000,-0.0000813,-0.0002042,1.0000000,7.8740157,7.8740157,
sepa_02_006.jpg,0,-0.0459862,254.6397454,1.3868174,-0.4230021,588.0000000,0.3562201,0.5666541,147.0000000,-0.0001217,-0.0001478,1.0000000,7.8740157,7.8740157,-0.0341074,118.6326238,0.9844618,-0.5958857,588.0000000,0.2528704,0.7982492,147.0000000,-0.0000864,-0.0002082,1.0000000,7.8740157,7.8740157,
sepa_02_009.jpg,0,0.0603394,47.5948834,1.9863161,0.0287192,160.0000000,-0.1936772,0.7006869,272.0000000,0.0001430,-0.0001750,1.0000000,7.8740157,7.8740157,0.0342450,2.0647886,1.4100287,0.0404570,160.0000000,-0.1374858,0.9870619,272.0000000,0.0001015,-0.0002465,1.0000000,7.8740157,7.8740157,
sepa_03_003.jpg,0,0.1145289,45.5294659,2.2743177,0.2728075,275.0000000,-0.0470997,0.8336675,292.0000000,0.0005002,-0.0001345,1.0000000,7.8740157,7.8740157,0.0585638,-47.8508071,1.6144728,0.3843057,275.0000000,-0.0334347,1.1743926,292.0000000,0.0003551,-0.0001895,1.0000000,7.8740157,7.8740157,
sepa_03_009.jpg,0,0.0642665,35.5817643,1.9425112,0.1644730,161.0000000,-0.3421742,0.7776938,395.0000000,0.0001591,-0.0001129,1.0000000,7.8740157,7.8740157,0.0386147,-15.3460774,1.3789328,0.2316942,161.0000000,-0.2428997,1.0955421,395.0000000,0.0001129,-0.0001590,1.0000000,7.8740157,7.8740157,
sepa_04_001.jpg,0,-0.0068318,36.9862776,1.8681734,-0.2489738,344.0000000,0.3029608,0.8922097,34.0000000,-0.0000468,-0.0000735,1.0000000,7.8740157,7.8740157,-0.0031848,-88.2765179,1.3261626,-0.3507309,344.0000000,0.2150631,1.2568613,34.0000000,-0.0000332,-0.0001036,1.0000000,7.8740157,7.8740157,
sepa_04_004.jpg,0,-0.0207053,-6.0690594,2.2974125,0.2605084,39.0000000,-0.3480244,1.1609720,291.0000000,0.0000741,0.0000661,1.0000000,7.8740157,7.8740157,-0.0136809,-24.3823699,1.6308671,0.3669798,39.0000000,-0.2470525,1.6354684,291.0000000,0.0000526,0.0000931,1.0000000,7.8740157,7.8740157,
sepa_04_006.jpg,0,0.0314960,9.8302784,1.9839487,0.1878178,98.0000000,-0.4278925,0.8986737,340.0000000,0.0000807,-0.0000679,1.0000000,7.8740157,7.8740157,0.0197741,-25.9561755,1.4083481,0.2645801,98.0000000,-0.3037486,1.2659672,340.0000000,0.0000573,-0.0000956,1.0000000,7.8740157,7.8740157,
sepa_05_001.jpg,0,0.0026823,-5.7537901,2.2024465,0.1473355,75.0000000,-0.2629697,1.0779672,232.0000000,0.0000453,-0.0000047,1.0000000,7.8740157,7.8740157,0.0012531,-38.5982577,1.5634534,0.2075525,75.0000000,-0.1866747,1.5185391,232.0000000,0.0000321,-0.0000066,1.0000000,7.8740157,7.8740157,
sepa_06_001.jpg,0,0.0018965,-9.1015210,2.2081543,0.1192564,123.0000000,-0.2007772,1.0747301,207.0000000,0.0000607,-0.0000035,1.0000000,7.8740157,7.8740157,-0.0005635,-62.9277274,1.5675052,0.1679973,123.0000000,-0.1425260,1.5139790,207.0000000,0.0000431,-0.0000049,1.0000000,7.8740157,7.8740157,
app_007.jpg,0,0.0025189,0.5875538,1.7620979,0.1471220,5.0000000,-0.3072832,0.8613574,148.0000000,0.0000247,-0.0000172,1.0000000,7.8740157,7.8740157,0.0014438,-1.0134635,1.2508626,0.2072517,5.0000000,-0.2181315,1.2133995,148.0000000,0.0000175,-0.0000242,1.0000000,7.8740157,7.8740157,
sepa_01_002.jpg,0,-0.0031765,7.1232735,1.9791663,-0.2415441,254.0000000,0.3706420,0.9718471,28.0000000,-0.0000367,-0.0000474,1.0000000,7.8740157,7.8740157,-0.0010122,-93.5884873,1.4049533,-0.3402647,254.0000000,0.2631081,1.3690470,28.0000000,-0.0000261,-0.0000668,1.0000000,7.8740157,7.8740157,
sepa_01_007.jpg,0,0.0034563,60.0914480,1.7508935,-0.2523605,294.0000000,0.2875231,0.7950840,170.0000000,-0.0000435,-0.0000977,1.0000000,7.8740157,7.8740157,0.0003821,-35.2625032,1.2429089,-0.3555018,294.0000000,0.2041044,1.1200397,170.0000000,-0.0000309,-0.0001376,1.0000000,7.8740157,7.8740157,
sepa_02_002.jpg,0,0.0108180,-44.1160476,2.3320447,-0.1783592,252.0000000,0.5264298,1.1759940,-48.0000000,0.0000671,0.0000672,1.0000000,7.8740157,7.8740157,0.0045951,-165.0403588,1.6554515,-0.2512557,252.0000000,0.3736974,1.6566300,-48.0000000,0.0000476,0.0000947,1.0000000,7.8740157,7.8740157,
sepa_02_010.jpg,0,-0.0320624,-0.7372554,1.9335685,0.3557908,25.0000000,-0.6249236,1.0306342,466.0000000,-0.0000499,0.0000529,1.0000000,7.8740157,7.8740157,-0.0216322,-11.1281617,1.3725847,0.5012047,25.0000000,-0.4436153,1.4518607,466.0000000,-0.0000354,0.0000745,1.0000000,7.8740157,7.8740157,
sepa_03_004.jpg,0,0.0002827,-16.1679680,2.3917489,-0.0791892,73.0000000,0.1743117,1.2257836,7.0000000,-0.0000146,0.0000115,1.0000000,7.8740157,7.8740157,0.0006244,-52.5469660,1.6978337,-0.1115544,73.0000000,0.1237389,1.7267689,7.0000000,-0.0000103,0.0000163,1.0000000,7.8740157,7.8740157,
sepa_04_002.jpg,0,0.0727197,9.1612565,2.2300135,0.2611519,108.0000000,-0.4595478,0.9141963,361.0000000,0.0002302,-0.0000990,1.0000000,7.8740157,7.8740157,0.0508965,-30.9182595,1.5830224,0.3678863,108.0000000,-0.3262198,1.2878340,361.0000000,0.0001634,-0.0001395,1.0000000,7.8740157,7.8740157,
sepa_04_003.jpg,0,-0.0039440,2.7116053,2.1387865,0.2855993,-34.0000000,-0.5217326,1.0771684,358.0000000,0.0000247,0.0000168,1.0000000,7.8740157,7.8740157,-0.0012468,17.8602265,1.5182630,0.4023255,-34.0000000,-0.3703630,1.5174138,358.0000000,0.0000176,0.0000236,1.0000000,7.8740157,7.8740157,
sepa_05_002.jpg,0,-0.0019428,0.4656030,2.3946123,0.1097579,-1.0000000,-0.1730848,1.1944377,138.0000000,0.0000341,0.0000128,1.0000000,7.8740157,7.8740157,-0.0012094,1.1603489,1.6998664,0.1546166,-1.0000000,-0.1228679,1.6826118,138.0000000,0.0000242,0.0000181,1.0000000,7.8740157,7.8740157,
sepa_05_007.jpg,0,0.0036276,0.5733104,2.3104119,0.0421569,-2.0000000,-0.1587980,1.1731840,186.0000000,-0.0000286,-0.0000159,1.0000000,7.8740157,7.8740157,0.0024049,1.7231149,1.6400950,0.0593867,-2.0000000,-0.1127261,1.6526716,186.0000000,-0.0000203,-0.0000223,1.0000000,7.8740157,7.8740157,
sepa_01_001.jpg,0,0.2203072,9.4975291,1.2539504,0.8676946,47.0000000,-1.4422058,0.7968271,1391.0000000,0.0002440,0.0001818,1.0000000,7.8740157,7.8740157,0.3203158,-5.7707356,0.8901434,1.2223267,47.0000000,-1.0237804,1.1224953,1391.0000000,0.0001732,0.0002561,1.0000000,7.8740157,7.8740157,
sepa_01_004.jpg,0,0.1248071,91.7278949,1.6873784,0.2497337,206.0000000,-0.5637191,0.5532282,581.0000000,0.0001930,-0.0001533,1.0000000,7.8740157,7.8740157,0.0768642,45.4131443,1.1978214,0.3518013,206.0000000,-0.4001680,0.7793359,581.0000000,0.0001370,-0.0002160,1.0000000,7.8740157,7.8740157,
sepa_01_004+10grad.jpg,0,0.2048858,172.2414871,1.5517633,0.3347817,307.0000000,-0.7748945,0.4379426,892.0000000,0.0001904,-0.0001578,1.0000000,7.8740157,7.8740157,0.1304082,117.5628221,1.1015521,0.4716090,307.0000000,-0.5500753,0.6169325,892.0000000,0.0001351,-0.0002223,1.0000000,7.8740157,7.8740157,
sepa_03_005.jpg,0,0.0019817,137.0336658,1.1261682,0.0542624,334.0000000,-0.6672421,0.5895645,597.0000000,-0.0001973,-0.0001188,1.0000000,7.8740157,7.8740157,-0.0078815,56.6392498,0.7994344,0.0764398,334.0000000,-0.4736560,0.8305232,597.0000000,-0.0001400,-0.0001673,1.0000000,7.8740157,7.8740157,
sepa_03_006.jpg,0,0.0517672,-10.1705523,2.3264802,0.3905765,190.0000000,-0.3763810,1.0539056,344.0000000,0.0004400,0.0000054,1.0000000,7.8740157,7.8740157,0.0282702,-91.7664747,1.6515014,0.5502075,190.0000000,-0.2671821,1.4846433,344.0000000,0.0003123,0.0000076,1.0000000,7.8740157,7.8740157,
4a.jpg,0,-0.0017547,99.2540703,1.1783841,-0.0211924,219.0000000,-0.0401248,0.5464156,178.0000000,-0.0000339,-0.0000367,1.0000000,7.8740157,7.8740157,-0.0022706,50.4647993,0.8365010,-0.0298538,219.0000000,-0.0284834,0.7697390,178.0000000,-0.0000241,-0.0000518,1.0000000,7.8740157,7.8740157,
6b.jpg,0,0.0126914,-13.5149321,2.8167750,-0.0811400,46.0000000,0.0137438,1.3058838,123.0000000,0.0000033,-0.0000573,1.0000000,7.8740157,7.8740157,0.0097662,-37.7826742,1.9995476,-0.1143024,46.0000000,0.0097563,1.8396065,123.0000000,0.0000023,-0.0000807,1.0000000,7.8740157,7.8740157,
6c.jpg,0,0.0045992,-58.0033753,2.8624993,-0.0288559,154.0000000,0.0208995,1.3812563,116.0000000,0.0000118,-0.0000250,1.0000000,7.8740157,7.8740157,0.0028866,-144.6747148,2.0320059,-0.0406495,154.0000000,0.0148360,1.9457842,116.0000000,0.0000083,-0.0000353,1.0000000,7.8740157,7.8740157,
6e.jpg,0,0.0014618,-6.1867576,2.3048300,-0.0040282,62.0000000,0.0368438,1.1019316,143.0000000,0.0000621,-0.0000103,1.0000000,7.8740157,7.8740157,-0.0002540,-33.8911341,1.6361325,-0.0056746,62.0000000,0.0261544,1.5522979,143.0000000,0.0000441,-0.0000144,1.0000000,7.8740157,7.8740157,
blurr.color.0000.jpg,0,-0.0046192,69.1515428,1.0744614,-0.0038314,162.0000000,0.0088123,0.5729423,22.0000000,-0.0000668,0.0000197,1.0000000,7.8740157,7.8740157,-0.0013028,31.2943694,0.7627293,-0.0053972,162.0000000,0.0062556,0.8071074,22.0000000,-0.0000474,0.0000278,1.0000000,7.8740157,7.8740157,
c.c.f11c.840009d9.jpg,0,0.0013019,33.2744288,1.0997388,-0.0219667,69.0000000,0.0202792,0.5170638,42.0000000,0.0000376,-0.0000304,1.0000000,7.8740157,7.8740157,0.0000288,18.8005925,0.7806729,-0.0309446,69.0000000,0.0143956,0.7283910,42.0000000,0.0000267,-0.0000428,1.0000000,7.8740157,7.8740157,
c.c.f1cb.f00020b.jpg,0,
c.c.f1cb.f00026e.jpg,0,0.0037422,75.1686772,1.1944409,-0.0119426,183.0000000,0.0283644,0.5888053,13.0000000,0.0000503,-0.0000145,1.0000000,7.8740157,7.8740157,0.0009917,31.2359212,0.8478993,-0.0168235,183.0000000,0.0201351,0.8294537,13.0000000,0.0000357,-0.0000205,1.0000000,7.8740157,7.8740157,
c.c.f1cb.f0004e8.jpg,0,0.0044682,67.4006252,1.2428249,-0.0312961,166.0000000,0.0402463,0.5933773,-10.0000000,0.0000706,-0.0000347,1.0000000,7.8740157,7.8740157,0.0012121,27.2608698,0.8822457,-0.0440870,166.0000000,0.0285697,0.8358943,-10.0000000,0.0000501,-0.0000489,1.0000000,7.8740157,7.8740157,
c.c.f1cb.f00054b.jpg,0,0.0055385,83.4707782,1.1998201,-0.0290213,198.0000000,0.0587966,0.5780045,0.0000000,0.0000690,-0.0000195,1.0000000,7.8740157,7.8740157,0.0015749,36.8083107,0.8517178,-0.0408825,198.0000000,0.0417381,0.8142386,0.0000000,0.0000490,-0.0000274,1.0000000,7.8740157,7.8740157,
c.c.f1cb.f0008d4.jpg,0,-0.0000095,55.2492939,1.2152358,-0.0005812,138.0000000,0.0000000,0.5990174,3.0000000,0.0000000,0.0000148,1.0000000,7.8740157,7.8740157,0.0000086,21.5715965,0.8626609,-0.0008188,138.0000000,0.0000000,0.8438395,3.0000000,-0.0000000,0.0000208,1.0000000,7.8740157,7.8740157,
c.c.f1cb.f000937.jpg,0,
c.c.f1cb.f00099a.jpg,0,0.0083574,81.4551328,1.2712893,-0.0650974,185.0000000,0.0793682,0.5590554,13.0000000,0.0001115,-0.0000575,1.0000000,7.8740157,7.8740157,0.0020687,39.3249461,0.9024517,-0.0917031,185.0000000,0.0563412,0.7875447,13.0000000,0.0000791,-0.0000810,1.0000000,7.8740157,7.8740157,
c.c.f1cb.f000b23.jpg,0,0.0014228,71.2814782,1.1944139,-0.0067010,171.0000000,0.0260105,0.5826748,10.0000000,0.0000199,0.0000010,1.0000000,7.8740157,7.8740157,0.0004387,30.6674543,0.8478801,-0.0094397,171.0000000,0.0184641,0.8208176,10.0000000,0.0000141,0.0000014,1.0000000,7.8740157,7.8740157,
c.c.f1cb.f000cae.jpg,0,0.0015815,59.9959202,1.2294966,-0.0141841,154.0000000,0.0210010,0.6098347,0.0000000,0.0000262,0.0000030,1.0000000,7.8740157,7.8740157,0.0004127,21.7199384,0.8727843,-0.0199812,154.0000000,0.0149080,0.8590779,0.0000000,0.0000186,0.0000042,1.0000000,7.8740157,7.8740157,
c.c.f1cb.f000d11.jpg,0,0.0003325,63.0590055,1.1874109,-0.0160425,155.0000000,0.0146169,0.5926752,8.0000000,0.0000053,-0.0000043,1.0000000,7.8740157,7.8740157,0.0000787,25.6156256,0.8429089,-0.0225992,155.0000000,0.0103761,0.8349052,8.0000000,0.0000038,-0.0000061,1.0000000,7.8740157,7.8740157,
c.c.f1cb.f000d74.jpg,0,0.0083574,81.4551328,1.2712893,-0.0650974,185.0000000,0.0793682,0.5590554,13.0000000,0.0001115,-0.0000575,1.0000000,7.8740157,7.8740157,0.0020687,39.3249461,0.9024517,-0.0917031,185.0000000,0.0563412,0.7875447,13.0000000,0.0000791,-0.0000810,1.0000000,7.8740157,7.8740157,
c.c.f1cb.f000fa2.jpg,0,0.0059565,65.5522607,1.2547395,-0.0285490,152.0000000,0.0638678,0.5680111,-1.0000000,0.0000962,-0.0000364,1.0000000,7.8740157,7.8740157,0.0017292,30.3973988,0.8907035,-0.0402171,152.0000000,0.0453379,0.8001608,-1.0000000,0.0000683,-0.0000513,1.0000000,7.8740157,7.8740157,
c.c.f1cb.f0015da.jpg,0,0.0083574,81.4551328,1.2712893,-0.0650974,185.0000000,0.0793682,0.5590554,13.0000000,0.0001115,-0.0000575,1.0000000,7.8740157,7.8740157,0.0020687,39.3249461,0.9024517,-0.0917031,185.0000000,0.0563412,0.7875447,13.0000000,0.0000791,-0.0000810,1.0000000,7.8740157,7.8740157,
c.c.f1cb.f00169b.jpg,0,0.0083574,81.4551328,1.2712893,-0.0650974,185.0000000,0.0793682,0.5590554,13.0000000,0.0001115,-0.0000575,1.0000000,7.8740157,7.8740157,0.0020687,39.3249461,0.9024517,-0.0917031,185.0000000,0.0563412,0.7875447,13.0000000,0.0000791,-0.0000810,1.0000000,7.8740157,7.8740157,
c.c.f1cb.f00183f.jpg,0,0.0024452,64.2663991,1.2235579,-0.0069071,154.0000000,0.0300189,0.5820790,2.0000000,0.0000384,-0.0000061,1.0000000,7.8740157,7.8740157,0.0007246,27.7469984,0.8685686,-0.0097301,154.0000000,0.0213095,0.8199783,2.0000000,0.0000273,-0.0000086,1.0000000,7.8740157,7.8740157,
c.c.f1cb.f001901.jpg,0,0.0013447,61.1951058,1.2035552,0.0098379,146.0000000,0.0101123,0.5802702,12.0000000,0.0000219,0.0000025,1.0000000,7.8740157,7.8740157,0.0004277,26.6817676,0.8543692,0.0138587,146.0000000,0.0071784,0.8174303,12.0000000,0.0000156,0.0000036,1.0000000,7.8740157,7.8740157,
c.c.f1cb.f001c37.jpg,0,-0.0005730,60.3271452,1.2070146,0.0189532,149.0000000,-0.0000276,0.5945565,3.0000000,-0.0000092,0.0000263,1.0000000,7.8740157,7.8740157,-0.0001429,24.2274971,0.8568249,0.0266994,149.0000000,-0.0000196,0.8375554,3.0000000,-0.0000065,0.0000370,1.0000000,7.8740157,7.8740157,
c.c.f1cb.f001cc9.jpg,0,-0.0006338,84.6446599,1.1606132,0.0098271,197.0000000,-0.0099696,0.5699811,63.0000000,-0.0000054,0.0000144,1.0000000,7.8740157,7.8740157,0.0000457,38.8563399,0.8238859,0.0138435,197.0000000,-0.0070771,0.8029359,63.0000000,-0.0000038,0.0000203,1.0000000,7.8740157,7.8740157,
c.c.f1cb.f001d9d.jpg,0,0.0008341,56.1540314,1.2263045,0.0063884,141.0000000,0.0208209,0.6011042,2.0000000,0.0000139,0.0000204,1.0000000,7.8740157,7.8740157,0.0002810,21.6239667,0.8705183,0.0089994,141.0000000,0.0147801,0.8467792,2.0000000,0.0000099,0.0000287,1.0000000,7.8740157,7.8740157,
c.c.f1cb.f001e86.jpg,0,-0.0023716,67.1915903,1.1413232,0.0057604,156.0000000,-0.0235049,0.5688941,34.0000000,-0.0000354,-0.0000015,1.0000000,7.8740157,7.8740157,-0.0007927,31.0185662,0.8101925,0.0081147,156.0000000,-0.0166855,0.8014047,34.0000000,-0.0000251,-0.0000021,1.0000000,7.8740157,7.8740157,
c.c.f1cb.f001f8a.jpg,0,0.0032618,82.9205821,1.1951122,-0.0100556,192.0000000,0.0314944,0.5676826,7.0000000,0.0000395,-0.0000034,1.0000000,7.8740157,7.8740157,0.0010506,38.4883469,0.8483758,-0.0141654,192.0000000,0.0223570,0.7996980,7.0000000,0.0000281,-0.0000048,1.0000000,7.8740157,7.8740157,
c.c.f1cb.f00209f.jpg,0,0.0028531,78.7174431,1.1693072,-0.0088811,177.0000000,0.0187254,0.5548429,36.0000000,0.0000359,-0.0000119,1.0000000,7.8740157,7.8740157,0.0008324,38.6920414,0.8300576,-0.0125109,177.0000000,0.0132926,0.7816106,36.0000000,0.0000255,-0.0000168,1.0000000,7.8740157,7.8740157,
c2.bi4.jpg,0,0.0005906,65.7336482,1.1903881,-0.0088340,157.0000000,0.0183453,0.5808060,8.0000000,0.0000090,-0.0000017,1.0000000,7.8740157,7.8740157,0.0001742,28.5731328,0.8450223,-0.0124446,157.0000000,0.0130228,0.8181850,8.0000000,0.0000064,-0.0000024,1.0000000,7.8740157,7.8740157,
IMG_0036.JPG,0,-0.0023268,-102.5942659,2.8133982,-0.0012658,294.0000000,0.0459803,1.3511258,199.0000000,0.0000369,-0.0000043,1.0000000,7.8740157,7.8740157,-0.0058276,-264.6809898,1.9971505,-0.0017832,294.0000000,0.0326401,1.9033393,199.0000000,0.0000262,-0.0000061,1.0000000,7.8740157,7.8740157,
IMG_0037.JPG,0,-0.0004543,-91.4348181,2.8196811,-0.0031704,256.0000000,0.0173836,1.3597242,192.0000000,0.0000262,-0.0000057,1.0000000,7.8740157,7.8740157,-0.0028491,-233.4387602,2.0016105,-0.0044662,256.0000000,0.0123401,1.9154519,192.0000000,0.0000186,-0.0000081,1.0000000,7.8740157,7.8740157,
IMG_0038.JPG,0,-0.0024145,-95.5264622,2.8250214,-0.0166863,272.0000000,0.0491417,1.3535726,193.0000000,0.0000409,-0.0000049,1.0000000,7.8740157,7.8740157,-0.0060241,-245.7341162,2.0054015,-0.0235061,272.0000000,0.0348843,1.9067860,193.0000000,0.0000290,-0.0000069,1.0000000,7.8740157,7.8740157,
IMG_0039.JPG,0,-0.0050341,-100.1917090,2.7126518,-0.0052017,319.0000000,0.0438769,1.3157759,222.0000000,0.0000302,0.0000054,1.0000000,7.8740157,7.8740157,-0.0073400,-271.4897271,1.9256335,-0.0073277,319.0000000,0.0311470,1.8535417,222.0000000,0.0000214,0.0000075,1.0000000,7.8740157,7.8740157,
IMG_0040.JPG,0,-0.0004911,-91.7136270,2.6668046,-0.0119231,326.0000000,0.0401489,1.2827759,250.0000000,0.0000271,-0.0000052,1.0000000,7.8740157,7.8740157,-0.0035803,-262.3789604,1.8930879,-0.0167962,326.0000000,0.0285005,1.8070544,250.0000000,0.0000192,-0.0000073,1.0000000,7.8740157,7.8740157,
IMG_0041.JPG,0,-0.0006299,-105.2602917,2.6970071,-0.0218280,362.0000000,0.0550278,1.2921438,227.0000000,0.0000343,-0.0000087,1.0000000,7.8740157,7.8740157,-0.0050313,-296.1807065,1.9145278,-0.0307492,362.0000000,0.0390626,1.8202510,227.0000000,0.0000243,-0.0000122,1.0000000,7.8740157,7.8740157,
IMG_0042.JPG,0,-0.0023562,-69.4349106,2.9424744,-0.0088308,161.0000000,0.0270156,1.4365396,140.0000000,0.0000177,0.0000041,1.0000000,7.8740157,7.8740157,-0.0029498,-163.6950752,2.0887779,-0.0124401,161.0000000,0.0191776,2.0236622,140.0000000,0.0000126,0.0000057,1.0000000,7.8740157,7.8740157,
IMG_0043.JPG,0,0.0015940,-91.9885989,2.7900453,-0.0320596,232.0000000,0.0341752,1.3995857,170.0000000,0.0000016,-0.0000059,1.0000000,7.8740157,7.8740157,0.0010753,-224.4596221,1.9805729,-0.0451626,232.0000000,0.0242600,1.9716050,170.0000000,0.0000011,-0.0000083,1.0000000,7.8740157,7.8740157,
IMG_0044.JPG,0,0.0023559,-112.9151827,2.6570368,-0.0175872,372.0000000,0.0146009,1.3048936,260.0000000,0.0000276,-0.0000132,1.0000000,7.8740157,7.8740157,-0.0020270,-311.0719301,1.8861540,-0.0247752,372.0000000,0.0103648,1.8382116,260.0000000,0.0000196,-0.0000186,1.0000000,7.8740157,7.8740157,
IMG_0045.JPG,0,0.0005447,-82.1661146,2.7894368,-0.0160850,232.0000000,0.0255755,1.3569172,206.0000000,0.0000062,-0.0000030,1.0000000,7.8740157,7.8740157,-0.0001193,-210.5740605,1.9801410,-0.0226590,232.0000000,0.0181553,1.9114977,206.0000000,0.0000044,-0.0000042,1.0000000,7.8740157,7.8740157,
IMG_0046.JPG,0,-0.0003080,-94.0928495,2.8327533,-0.0098653,254.0000000,0.0332877,1.3731367,235.0000000,0.0000260,-0.0000053,1.0000000,7.8740157,7.8740157,-0.0027295,-236.3793908,2.0108901,-0.0138973,254.0000000,0.0236300,1.9343461,235.0000000,0.0000185,-0.0000074,1.0000000,7.8740157,7.8740157,
IMG_0047.JPG,0,-0.0020388,-75.9514171,2.8356491,-0.0047348,187.0000000,0.0078888,1.4101838,181.0000000,0.0000165,0.0000023,1.0000000,7.8740157,7.8740157,-0.0027641,-183.4826671,2.0129458,-0.0066699,187.0000000,0.0056001,1.9865346,181.0000000,0.0000117,0.0000032,1.0000000,7.8740157,7.8740157,
IMG_0048.JPG,0,0.0015226,-62.0312127,2.9323314,-0.0209288,156.0000000,0.0269384,1.4026232,131.0000000,0.0000347,-0.0000153,1.0000000,7.8740157,7.8740157,-0.0008657,-151.1823950,2.0815777,-0.0294825,156.0000000,0.0191228,1.9758839,131.0000000,0.0000246,-0.0000215,1.0000000,7.8740157,7.8740157,
IMG_0049.JPG,0,-0.0010825,-93.7816128,2.7599530,-0.0144913,249.0000000,0.0333721,1.3793140,170.0000000,0.0000099,0.0000004,1.0000000,7.8740157,7.8740157,-0.0017647,-233.9144063,1.9592113,-0.0204139,249.0000000,0.0236899,1.9430481,170.0000000,0.0000070,0.0000006,1.0000000,7.8740157,7.8740157,
IMG_0050.JPG,0,0.0013978,-92.7635455,2.5877704,-0.0150058,386.0000000,0.0401600,1.2413127,270.0000000,0.0000295,-0.0000103,1.0000000,7.8740157,7.8740157,-0.0030398,-288.3502999,1.8369838,-0.0211387,386.0000000,0.0285084,1.7486448,270.0000000,0.0000209,-0.0000145,1.0000000,7.8740157,7.8740157,
IMG_0051.JPG,0,-0.0027725,-89.2581487,2.8653627,-0.0059032,227.0000000,0.0415706,1.3964656,159.0000000,0.0000412,-0.0000034,1.0000000,7.8740157,7.8740157,-0.0057104,-218.5564839,2.0340386,-0.0083159,227.0000000,0.0295098,1.9672098,159.0000000,0.0000293,-0.0000048,1.0000000,7.8740157,7.8740157,
IMG_0052.JPG,0,0.0055615,-79.0179005,2.7769340,-0.0368468,204.0000000,0.0155506,1.3907462,184.0000000,-0.0000070,-0.0000153,1.0000000,7.8740157,7.8740157,0.0048215,-194.7355769,1.9712656,-0.0519063,204.0000000,0.0110389,1.9591528,184.0000000,-0.0000049,-0.0000216,1.0000000,7.8740157,7.8740157,
IMG_0053.JPG,0,0.0058870,-71.4544966,2.7827636,-0.0333234,184.0000000,0.0037588,1.3921391,187.0000000,-0.0000056,-0.0000164,1.0000000,7.8740157,7.8740157,0.0049375,-175.9076637,1.9754039,-0.0469429,184.0000000,0.0026683,1.9611149,187.0000000,-0.0000040,-0.0000231,1.0000000,7.8740157,7.8740157,
IMG_0054.JPG,0,0.0041606,-89.7506385,2.7612144,-0.0385956,277.0000000,0.0484916,1.3260828,190.0000000,0.0000165,-0.0000180,1.0000000,7.8740157,7.8740157,0.0014363,-239.6194773,1.9601067,-0.0543698,277.0000000,0.0344228,1.8680610,190.0000000,0.0000117,-0.0000253,1.0000000,7.8740157,7.8740157,
IMG_0055.JPG,0,-0.0036023,-89.4546249,2.8074527,0.0062179,227.0000000,0.0031859,1.3972362,214.0000000,0.0000206,0.0000046,1.0000000,7.8740157,7.8740157,-0.0045605,-218.8415631,1.9929300,0.0087592,227.0000000,0.0022616,1.9682952,214.0000000,0.0000146,0.0000065,1.0000000,7.8740157,7.8740157,
IMG_0056.JPG,0,-0.0039593,-93.8420453,2.7956672,0.0119363,245.0000000,0.0120930,1.3858568,250.0000000,0.0000286,0.0000030,1.0000000,7.8740157,7.8740157,-0.0056821,-232.3673640,1.9845638,0.0168148,245.0000000,0.0085845,1.9522650,250.0000000,0.0000203,0.0000042,1.0000000,7.8740157,7.8740157,
photo.JPG,0,0.0051619,-79.8124643,2.7399197,-0.0183531,268.0000000,0.0148966,1.2997538,275.0000000,0.0000228,-0.0000150,1.0000000,7.8740157,7.8740157,0.0017043,-221.9150110,1.9449902,-0.0258542,268.0000000,0.0105747,1.8309712,275.0000000,0.0000162,-0.0000211,1.0000000,7.8740157,7.8740157,
wrong_amount.jpg,0,-0.0196038,-6.5764168,2.3777576,0.0471817,32.0000000,-0.0155743,1.2147595,343.0000000,-0.0000212,0.0000410,1.0000000,7.8740157,7.8740157,-0.0136565,-22.2703907,1.6879017,0.0664652,32.0000000,-0.0110557,1.7112392,343.0000000,-0.0000150,0.0000578,1.0000000,7.8740157,7.8740157,
